epochs,LSTMLayers,LSTMDims,ReLULayers,ReLUDims,totalAcc,f1_macro,f1_micro,For,Against,Neutral
0,1,50,1,50,0.6253,0.2769,0.6253,0.0984,0.0625,0.0625,0.8679
5,1,50,1,50,0.5795,0.3036,0.5795,0.1967,0.1094,0.1250,0.7704
10,1,50,1,50,0.5969,0.2592,0.5969,0.0820,0.0781,0.0625,0.8270
15,1,50,1,50,0.5926,0.2625,0.5926,0.0984,0.0781,0.0625,0.8176
20,1,50,1,50,0.5904,0.2769,0.5904,0.1148,0.1094,0.0625,0.8050
25,1,50,1,50,0.5948,0.3361,0.5948,0.1803,0.1562,0.1875,0.7830
30,1,50,1,50,0.5795,0.2769,0.5795,0.0984,0.0781,0.1250,0.7956
35,1,50,1,50,0.5817,0.2990,0.5817,0.1475,0.2031,0.0625,0.7673
40,1,50,1,50,0.5795,0.2777,0.5795,0.1311,0.1250,0.0625,0.7830
45,1,50,1,50,0.5752,0.2520,0.5752,0.0984,0.0625,0.0625,0.7956
50,1,50,1,50,0.5904,0.2911,0.5904,0.0984,0.1406,0.1250,0.7987
55,1,50,1,50,0.6122,0.2796,0.6122,0.0656,0.0781,0.1250,0.8491
60,1,50,1,50,0.5926,0.3092,0.5926,0.1311,0.1562,0.1250,0.7925
65,1,50,1,50,0.5817,0.2858,0.5817,0.1639,0.1250,0.0625,0.7799
70,1,50,1,50,0.5708,0.2933,0.5708,0.1311,0.1562,0.1250,0.7610
75,1,50,1,50,0.5817,0.2591,0.5817,0.1475,0.0312,0.0625,0.8019
80,1,50,1,50,0.5991,0.2774,0.5991,0.1311,0.0938,0.0625,0.8176
85,1,50,1,50,0.5795,0.2727,0.5795,0.1311,0.1094,0.0625,0.7862
90,1,50,1,50,0.5664,0.2807,0.5664,0.1311,0.0938,0.1250,0.7673
95,1,50,1,50,0.5643,0.2875,0.5643,0.1475,0.1094,0.1250,0.7579
100,1,50,1,50,0.5969,0.2790,0.5969,0.1475,0.0938,0.0625,0.8113
105,1,50,1,50,0.5599,0.2484,0.5599,0.1311,0.0469,0.0625,0.7704
110,1,50,1,50,0.5839,0.2732,0.5839,0.1639,0.0781,0.0625,0.7925
115,1,50,1,50,0.5839,0.2800,0.5839,0.1475,0.0469,0.1250,0.7987
120,1,50,1,50,0.6144,0.3104,0.6144,0.1148,0.0938,0.1875,0.8365
125,1,50,1,50,0.5664,0.2757,0.5664,0.1148,0.1094,0.1250,0.7673
130,1,50,1,50,0.5991,0.2863,0.5991,0.1311,0.0625,0.1250,0.8208
135,1,50,1,50,0.5795,0.2615,0.5795,0.1311,0.0625,0.0625,0.7956
140,1,50,1,50,0.5882,0.2774,0.5882,0.1311,0.1094,0.0625,0.7987
145,1,50,1,50,0.5686,0.2459,0.5686,0.0984,0.0469,0.0625,0.7893
150,1,50,1,50,0.5969,0.2788,0.5969,0.1148,0.1094,0.0625,0.8145
155,1,50,1,50,0.5708,0.2508,0.5708,0.0656,0.0938,0.0625,0.7893
160,1,50,1,50,0.5861,0.2788,0.5861,0.0984,0.1562,0.0625,0.7925
165,1,50,1,50,0.5664,0.2567,0.5664,0.0984,0.0938,0.0625,0.7767
170,1,50,1,50,0.5817,0.2836,0.5817,0.1639,0.1094,0.0625,0.7830
175,1,50,1,50,0.5926,0.2778,0.5926,0.1475,0.0938,0.0625,0.8050
180,1,50,1,50,0.5991,0.2805,0.5991,0.1311,0.1094,0.0625,0.8145
185,1,50,1,50,0.5948,0.2622,0.5948,0.0984,0.0781,0.0625,0.8208
190,1,50,1,50,0.6013,0.2820,0.6013,0.1475,0.0938,0.0625,0.8176
195,1,50,1,50,0.5926,0.2620,0.5926,0.0820,0.0938,0.0625,0.8176
0,1,50,1,100,0.6013,0.2405,0.6013,0.1346,0.0462,0.0000,0.8160
5,1,50,1,100,0.6253,0.2797,0.6253,0.1346,0.0769,0.0625,0.8405
10,1,50,1,100,0.5817,0.3095,0.5817,0.1538,0.1846,0.1250,0.7515
15,1,50,1,100,0.5969,0.2961,0.5969,0.1538,0.1077,0.1250,0.7883
20,1,50,1,100,0.6035,0.3018,0.6035,0.1346,0.1231,0.1250,0.7975
25,1,50,1,100,0.5948,0.2714,0.5948,0.1538,0.0769,0.0625,0.7945
30,1,50,1,100,0.5817,0.2815,0.5817,0.1346,0.1077,0.1250,0.7699
35,1,50,1,100,0.5948,0.2782,0.5948,0.1154,0.0923,0.1250,0.7945
40,1,50,1,100,0.5795,0.2857,0.5795,0.1346,0.1231,0.1250,0.7638
45,1,50,1,100,0.6100,0.2907,0.6100,0.1154,0.0923,0.1250,0.8160
50,1,50,1,100,0.5969,0.3069,0.5969,0.1538,0.1077,0.1875,0.7853
55,1,50,1,100,0.5861,0.2981,0.5861,0.1346,0.1385,0.1250,0.7699
60,1,50,1,100,0.6209,0.3196,0.6209,0.1923,0.1077,0.1250,0.8160
65,1,50,1,100,0.5948,0.2962,0.5948,0.1154,0.1385,0.1250,0.7853
70,1,50,1,100,0.6078,0.3224,0.6078,0.1923,0.1538,0.1250,0.7883
75,1,50,1,100,0.6362,0.3173,0.6362,0.1923,0.1077,0.1250,0.8374
80,1,50,1,100,0.6187,0.3065,0.6187,0.1346,0.1385,0.1250,0.8160
85,1,50,1,100,0.6231,0.2967,0.6231,0.1154,0.1077,0.1250,0.8313
90,1,50,1,100,0.6122,0.2922,0.6122,0.1346,0.0923,0.1250,0.8160
95,1,50,1,100,0.5991,0.2781,0.5991,0.1154,0.0615,0.1250,0.8067
100,1,50,1,100,0.6209,0.2942,0.6209,0.1154,0.0923,0.1250,0.8313
105,1,50,1,100,0.6580,0.3043,0.6580,0.1346,0.1231,0.0625,0.8773
110,1,50,1,100,0.6296,0.3132,0.6296,0.1538,0.1231,0.1250,0.8313
115,1,50,1,100,0.6013,0.3094,0.6013,0.1538,0.1385,0.1250,0.7883
120,1,50,1,100,0.6035,0.2888,0.6035,0.1923,0.0923,0.0625,0.7975
125,1,50,1,100,0.6296,0.3209,0.6296,0.1346,0.1385,0.1250,0.8313
130,1,50,1,100,0.6057,0.2987,0.6057,0.1538,0.1077,0.1250,0.8006
135,1,50,1,100,0.6057,0.3199,0.6057,0.2308,0.1385,0.1250,0.7822
140,1,50,1,100,0.6427,0.3105,0.6427,0.1538,0.0923,0.1250,0.8558
145,1,50,1,100,0.6013,0.3029,0.6013,0.1731,0.1077,0.1250,0.7914
150,1,50,1,100,0.6122,0.3157,0.6122,0.2115,0.1231,0.1250,0.7975
155,1,50,1,100,0.5991,0.3005,0.5991,0.1731,0.1077,0.1250,0.7883
160,1,50,1,100,0.6144,0.3056,0.6144,0.1923,0.0923,0.1250,0.8098
165,1,50,1,100,0.6100,0.3034,0.6100,0.1923,0.0769,0.1250,0.8067
170,1,50,1,100,0.5991,0.2965,0.5991,0.1538,0.1077,0.1250,0.7914
175,1,50,1,100,0.6231,0.2965,0.6231,0.1346,0.0769,0.1250,0.8344
180,1,50,1,100,0.6035,0.2894,0.6035,0.1731,0.0769,0.1250,0.8006
185,1,50,1,100,0.6100,0.2811,0.6100,0.1538,0.0923,0.0625,0.8129
190,1,50,1,100,0.6231,0.2921,0.6231,0.1923,0.0769,0.0625,0.8282
195,1,50,1,100,0.5969,0.3071,0.5969,0.1731,0.1538,0.1250,0.7761
0,1,50,1,200,0.5991,0.2755,0.5991,0.1364,0.1379,0.0417,0.7808
5,1,50,1,200,0.5991,0.2784,0.5991,0.1364,0.1552,0.0417,0.7778
10,1,50,1,200,0.5664,0.2781,0.5664,0.2045,0.1552,0.0417,0.7237
15,1,50,1,200,0.5991,0.2874,0.5991,0.2045,0.1379,0.0417,0.7718
20,1,50,1,200,0.5926,0.2669,0.5926,0.0909,0.1552,0.0417,0.7748
25,1,50,1,200,0.5926,0.2661,0.5926,0.0909,0.1552,0.0417,0.7748
30,1,50,1,200,0.5730,0.2559,0.5730,0.0909,0.1379,0.0417,0.7508
35,1,50,1,200,0.5599,0.2524,0.5599,0.1136,0.1207,0.0417,0.7327
40,1,50,1,200,0.5991,0.2705,0.5991,0.1364,0.1207,0.0417,0.7838
45,1,50,1,200,0.5795,0.2816,0.5795,0.1364,0.2069,0.0417,0.7417
50,1,50,1,200,0.5447,0.2689,0.5447,0.1818,0.1724,0.0417,0.6937
55,1,50,1,200,0.5948,0.2735,0.5948,0.1818,0.1034,0.0417,0.7748
60,1,50,1,200,0.5991,0.2617,0.5991,0.1136,0.1034,0.0417,0.7898
65,1,50,1,200,0.6296,0.2736,0.6296,0.1364,0.0862,0.0417,0.8318
70,1,50,1,200,0.5991,0.2793,0.5991,0.1591,0.1379,0.0417,0.7778
75,1,50,1,200,0.6057,0.2893,0.6057,0.1591,0.1724,0.0417,0.7808
80,1,50,1,200,0.6275,0.2930,0.6275,0.0909,0.2241,0.0417,0.8108
85,1,50,1,200,0.6013,0.2615,0.6013,0.0909,0.1207,0.0417,0.7928
90,1,50,1,200,0.5817,0.2634,0.5817,0.1136,0.1379,0.0417,0.7598
95,1,50,1,200,0.6078,0.2788,0.6078,0.1591,0.1207,0.0417,0.7928
100,1,50,1,200,0.5969,0.2743,0.5969,0.0909,0.1897,0.0417,0.7748
105,1,50,1,200,0.6078,0.2958,0.6078,0.1818,0.1207,0.0833,0.7868
110,1,50,1,200,0.6187,0.2869,0.6187,0.1591,0.1379,0.0417,0.8048
115,1,50,1,200,0.5904,0.2712,0.5904,0.1364,0.1379,0.0417,0.7688
120,1,50,1,200,0.6035,0.2804,0.6035,0.1364,0.1552,0.0417,0.7838
125,1,50,1,200,0.6078,0.2848,0.6078,0.1364,0.1724,0.0417,0.7868
130,1,50,1,200,0.6057,0.3019,0.6057,0.1591,0.1724,0.0833,0.7778
135,1,50,1,200,0.6166,0.2712,0.6166,0.0909,0.1379,0.0417,0.8108
140,1,50,1,200,0.6078,0.2715,0.6078,0.0909,0.1552,0.0417,0.7958
145,1,50,1,200,0.5991,0.2829,0.5991,0.1591,0.1552,0.0417,0.7748
150,1,50,1,200,0.5861,0.2738,0.5861,0.1364,0.1552,0.0417,0.7598
155,1,50,1,200,0.5969,0.2869,0.5969,0.1136,0.1552,0.0833,0.7748
160,1,50,1,200,0.5926,0.2714,0.5926,0.1136,0.1552,0.0417,0.7718
165,1,50,1,200,0.5795,0.2756,0.5795,0.0909,0.1724,0.0833,0.7508
170,1,50,1,200,0.5839,0.2663,0.5839,0.0909,0.1724,0.0417,0.7598
175,1,50,1,200,0.5817,0.2835,0.5817,0.1591,0.1897,0.0417,0.7447
180,1,50,1,200,0.5948,0.2837,0.5948,0.1136,0.1552,0.0833,0.7718
185,1,50,1,200,0.5948,0.2715,0.5948,0.0909,0.1724,0.0417,0.7748
190,1,50,1,200,0.6144,0.2969,0.6144,0.1136,0.2414,0.0417,0.7868
195,1,50,1,200,0.6122,0.2885,0.6122,0.0682,0.1897,0.0833,0.7958
0,1,100,1,50,0.6819,0.2720,0.6819,0.0652,0.1429,0.0000,0.8988
5,1,100,1,50,0.6558,0.2662,0.6558,0.1087,0.1071,0.0000,0.8631
10,1,100,1,50,0.5839,0.2731,0.5839,0.1522,0.1429,0.0476,0.7500
15,1,100,1,50,0.6209,0.2737,0.6209,0.1087,0.1250,0.0476,0.8095
20,1,100,1,50,0.6187,0.2501,0.6187,0.1304,0.0714,0.0000,0.8155
25,1,100,1,50,0.6144,0.2657,0.6144,0.0870,0.1964,0.0000,0.7946
30,1,100,1,50,0.6296,0.2996,0.6296,0.1522,0.2679,0.0000,0.7946
35,1,100,1,50,0.5948,0.2686,0.5948,0.0870,0.2500,0.0000,0.7589
40,1,100,1,50,0.6209,0.2761,0.6209,0.1304,0.1786,0.0000,0.8006
45,1,100,1,50,0.6275,0.2765,0.6275,0.1087,0.1964,0.0000,0.8095
50,1,100,1,50,0.6100,0.2581,0.6100,0.0870,0.1607,0.0000,0.7946
55,1,100,1,50,0.6209,0.2961,0.6209,0.1087,0.2321,0.0476,0.7917
60,1,100,1,50,0.6275,0.2659,0.6275,0.0870,0.1607,0.0000,0.8185
65,1,100,1,50,0.6492,0.2733,0.6492,0.0870,0.1607,0.0000,0.8482
70,1,100,1,50,0.6057,0.2500,0.6057,0.1087,0.1071,0.0000,0.7946
75,1,100,1,50,0.6318,0.2791,0.6318,0.1304,0.1786,0.0000,0.8155
80,1,100,1,50,0.6318,0.2747,0.6318,0.1087,0.1786,0.0000,0.8185
85,1,100,1,50,0.6187,0.2796,0.6187,0.1304,0.1964,0.0000,0.7946
90,1,100,1,50,0.6144,0.2651,0.6144,0.1087,0.1607,0.0000,0.7976
95,1,100,1,50,0.6187,0.2719,0.6187,0.1522,0.1429,0.0000,0.8006
100,1,100,1,50,0.6253,0.2819,0.6253,0.1304,0.1964,0.0000,0.8036
105,1,100,1,50,0.6340,0.2910,0.6340,0.1522,0.2143,0.0000,0.8095
110,1,100,1,50,0.6078,0.2675,0.6078,0.1304,0.1607,0.0000,0.7857
115,1,100,1,50,0.6275,0.2750,0.6275,0.1522,0.1429,0.0000,0.8125
120,1,100,1,50,0.6340,0.2918,0.6340,0.1304,0.2321,0.0000,0.8095
125,1,100,1,50,0.6340,0.2698,0.6340,0.1304,0.1250,0.0000,0.8274
130,1,100,1,50,0.6492,0.2789,0.6492,0.1087,0.1607,0.0000,0.8452
135,1,100,1,50,0.6340,0.2637,0.6340,0.1304,0.1071,0.0000,0.8304
140,1,100,1,50,0.6296,0.2997,0.6296,0.1522,0.1786,0.0476,0.8065
145,1,100,1,50,0.6492,0.2866,0.6492,0.1739,0.1429,0.0000,0.8393
150,1,100,1,50,0.6340,0.2762,0.6340,0.1522,0.1250,0.0000,0.8244
155,1,100,1,50,0.6427,0.2720,0.6427,0.1522,0.1071,0.0000,0.8393
160,1,100,1,50,0.6471,0.3026,0.6471,0.1522,0.1607,0.0476,0.8333
165,1,100,1,50,0.6253,0.2549,0.6253,0.0870,0.1250,0.0000,0.8214
170,1,100,1,50,0.6144,0.2515,0.6144,0.1087,0.1071,0.0000,0.8065
175,1,100,1,50,0.6536,0.2741,0.6536,0.1304,0.1250,0.0000,0.8542
180,1,100,1,50,0.6296,0.2697,0.6296,0.1957,0.0893,0.0000,0.8185
185,1,100,1,50,0.6449,0.2809,0.6449,0.2174,0.0893,0.0000,0.8363
190,1,100,1,50,0.6471,0.2838,0.6471,0.2174,0.1071,0.0000,0.8363
195,1,100,1,50,0.6449,0.2702,0.6449,0.1957,0.0714,0.0000,0.8423
0,1,100,1,100,0.5708,0.2583,0.5708,0.0600,0.2857,0.0000,0.7303
5,1,100,1,100,0.6383,0.2720,0.6383,0.1200,0.1270,0.0000,0.8455
10,1,100,1,100,0.6471,0.2505,0.6471,0.0800,0.0794,0.0000,0.8727
15,1,100,1,100,0.5969,0.2425,0.5969,0.0600,0.1270,0.0000,0.7970
20,1,100,1,100,0.6100,0.2290,0.6100,0.0400,0.0794,0.0000,0.8273
25,1,100,1,100,0.6449,0.2397,0.6449,0.0600,0.0635,0.0000,0.8758
30,1,100,1,100,0.6558,0.2350,0.6558,0.0000,0.0952,0.0000,0.8939
35,1,100,1,100,0.6166,0.2315,0.6166,0.0400,0.0794,0.0000,0.8364
40,1,100,1,100,0.5773,0.2354,0.5773,0.0600,0.1270,0.0000,0.7697
45,1,100,1,100,0.5969,0.2310,0.5969,0.0600,0.0794,0.0000,0.8061
50,1,100,1,100,0.6383,0.2378,0.6383,0.0600,0.0635,0.0000,0.8667
55,1,100,1,100,0.5817,0.2406,0.5817,0.1000,0.0952,0.0000,0.7758
60,1,100,1,100,0.5599,0.2431,0.5599,0.0800,0.1587,0.0000,0.7364
65,1,100,1,100,0.6231,0.2218,0.6231,0.0200,0.0635,0.0000,0.8515
70,1,100,1,100,0.6078,0.2674,0.6078,0.0800,0.0952,0.0625,0.8121
75,1,100,1,100,0.5948,0.2444,0.5948,0.1000,0.0952,0.0000,0.7939
80,1,100,1,100,0.5948,0.2332,0.5948,0.0600,0.0952,0.0000,0.8000
85,1,100,1,100,0.6187,0.2317,0.6187,0.0400,0.0794,0.0000,0.8394
90,1,100,1,100,0.6035,0.2265,0.6035,0.0400,0.0794,0.0000,0.8182
95,1,100,1,100,0.5904,0.2411,0.5904,0.0800,0.1111,0.0000,0.7879
100,1,100,1,100,0.5991,0.2578,0.5991,0.1400,0.1111,0.0000,0.7909
105,1,100,1,100,0.6187,0.2519,0.6187,0.1000,0.0952,0.0000,0.8273
110,1,100,1,100,0.6427,0.2598,0.6427,0.0600,0.1429,0.0000,0.8576
115,1,100,1,100,0.5991,0.2502,0.5991,0.1000,0.1111,0.0000,0.7970
120,1,100,1,100,0.5839,0.2234,0.5839,0.0200,0.1111,0.0000,0.7879
125,1,100,1,100,0.5948,0.2258,0.5948,0.0600,0.0635,0.0000,0.8061
130,1,100,1,100,0.6187,0.2296,0.6187,0.0200,0.0952,0.0000,0.8394
135,1,100,1,100,0.6013,0.2425,0.6013,0.0800,0.0952,0.0000,0.8061
140,1,100,1,100,0.6035,0.2510,0.6035,0.1000,0.1111,0.0000,0.8030
145,1,100,1,100,0.6209,0.2223,0.6209,0.0200,0.0635,0.0000,0.8485
150,1,100,1,100,0.6100,0.2202,0.6100,0.0400,0.0476,0.0000,0.8333
155,1,100,1,100,0.6166,0.2218,0.6166,0.0400,0.0476,0.0000,0.8424
160,1,100,1,100,0.6078,0.2192,0.6078,0.0400,0.0476,0.0000,0.8303
165,1,100,1,100,0.6035,0.2265,0.6035,0.0400,0.0794,0.0000,0.8182
170,1,100,1,100,0.6035,0.2590,0.6035,0.0600,0.0952,0.0625,0.8091
175,1,100,1,100,0.5817,0.2269,0.5817,0.0800,0.0635,0.0000,0.7848
180,1,100,1,100,0.6035,0.2280,0.6035,0.0600,0.0635,0.0000,0.8182
185,1,100,1,100,0.6035,0.2218,0.6035,0.0400,0.0635,0.0000,0.8212
190,1,100,1,100,0.6187,0.2263,0.6187,0.0400,0.0635,0.0000,0.8424
195,1,100,1,100,0.5861,0.2321,0.5861,0.1200,0.0476,0.0000,0.7879
0,1,100,1,200,0.5904,0.2637,0.5904,0.0526,0.1449,0.0385,0.8371
5,1,100,1,200,0.5795,0.3203,0.5795,0.1754,0.1594,0.1154,0.7883
10,1,100,1,200,0.5752,0.2842,0.5752,0.1754,0.1304,0.0385,0.7948
15,1,100,1,200,0.5752,0.2941,0.5752,0.1053,0.2464,0.0385,0.7818
20,1,100,1,200,0.5882,0.2878,0.5882,0.1053,0.1884,0.0385,0.8143
25,1,100,1,200,0.6035,0.2961,0.6035,0.1404,0.1594,0.0385,0.8371
30,1,100,1,200,0.5817,0.2939,0.5817,0.0702,0.2174,0.0769,0.8013
35,1,100,1,200,0.5926,0.3005,0.5926,0.0877,0.1884,0.0769,0.8208
40,1,100,1,200,0.5708,0.2784,0.5708,0.0702,0.1449,0.0769,0.8013
45,1,100,1,200,0.5468,0.2859,0.5468,0.0526,0.2899,0.0769,0.7362
50,1,100,1,200,0.5904,0.2845,0.5904,0.0351,0.2029,0.0769,0.8241
55,1,100,1,200,0.5839,0.3063,0.5839,0.0877,0.2464,0.0769,0.7948
60,1,100,1,200,0.5752,0.2725,0.5752,0.0877,0.1594,0.0385,0.8046
65,1,100,1,200,0.5861,0.2892,0.5861,0.0877,0.2174,0.0385,0.8078
70,1,100,1,200,0.5861,0.2823,0.5861,0.0702,0.2029,0.0385,0.8143
75,1,100,1,200,0.5839,0.2637,0.5839,0.0702,0.1304,0.0385,0.8274
80,1,100,1,200,0.5839,0.2895,0.5839,0.1053,0.2029,0.0385,0.8046
85,1,100,1,200,0.5708,0.2897,0.5708,0.1404,0.1884,0.0385,0.7818
90,1,100,1,200,0.5969,0.2738,0.5969,0.1053,0.1159,0.0385,0.8436
95,1,100,1,200,0.5773,0.2568,0.5773,0.0526,0.1304,0.0385,0.8208
100,1,100,1,200,0.5882,0.2652,0.5882,0.0702,0.1304,0.0385,0.8339
105,1,100,1,200,0.5839,0.2691,0.5839,0.1053,0.1159,0.0385,0.8241
110,1,100,1,200,0.5882,0.2901,0.5882,0.1579,0.1449,0.0385,0.8143
115,1,100,1,200,0.5708,0.2815,0.5708,0.1228,0.1739,0.0385,0.7883
120,1,100,1,200,0.5991,0.2757,0.5991,0.0702,0.1594,0.0385,0.8436
125,1,100,1,200,0.5969,0.2818,0.5969,0.0877,0.1159,0.0769,0.8436
130,1,100,1,200,0.6100,0.2890,0.6100,0.1228,0.0870,0.0769,0.8632
135,1,100,1,200,0.5795,0.2713,0.5795,0.0526,0.1304,0.0769,0.8208
140,1,100,1,200,0.5817,0.2446,0.5817,0.0351,0.0580,0.0769,0.8436
145,1,100,1,200,0.5882,0.2479,0.5882,0.0351,0.1014,0.0385,0.8469
150,1,100,1,200,0.6122,0.2705,0.6122,0.0702,0.1159,0.0385,0.8730
155,1,100,1,200,0.5969,0.2937,0.5969,0.1404,0.1594,0.0385,0.8274
160,1,100,1,200,0.5839,0.2489,0.5839,0.0175,0.0870,0.0769,0.8436
165,1,100,1,200,0.5773,0.2512,0.5773,0.0351,0.0870,0.0769,0.8306
170,1,100,1,200,0.5664,0.2685,0.5664,0.0702,0.1159,0.0769,0.8013
175,1,100,1,200,0.5795,0.2696,0.5795,0.0877,0.1449,0.0385,0.8143
180,1,100,1,200,0.5577,0.2613,0.5577,0.0877,0.1449,0.0385,0.7818
185,1,100,1,200,0.5882,0.2580,0.5882,0.0877,0.0870,0.0385,0.8404
190,1,100,1,200,0.6013,0.2740,0.6013,0.0877,0.1304,0.0385,0.8502
195,1,100,1,200,0.5664,0.2690,0.5664,0.1053,0.1449,0.0385,0.7915
0,1,200,1,50,0.6667,0.2733,0.6667,0.1481,0.0926,0.0000,0.8643
5,1,200,1,50,0.6253,0.3041,0.6253,0.1852,0.0926,0.1667,0.7965
10,1,200,1,50,0.6514,0.3470,0.6514,0.1296,0.2037,0.2500,0.8201
15,1,200,1,50,0.6645,0.3569,0.6645,0.2222,0.1852,0.1667,0.8289
20,1,200,1,50,0.6340,0.3444,0.6340,0.2407,0.1296,0.2500,0.7906
25,1,200,1,50,0.6383,0.3404,0.6383,0.1111,0.2593,0.2500,0.7965
30,1,200,1,50,0.6275,0.2987,0.6275,0.1481,0.0926,0.1667,0.8053
35,1,200,1,50,0.6144,0.3143,0.6144,0.1667,0.1296,0.2500,0.7758
40,1,200,1,50,0.6231,0.3146,0.6231,0.1481,0.1667,0.1667,0.7876
45,1,200,1,50,0.6340,0.2960,0.6340,0.0741,0.1296,0.1667,0.8201
50,1,200,1,50,0.6057,0.2856,0.6057,0.1296,0.0926,0.1667,0.7788
55,1,200,1,50,0.6471,0.2971,0.6471,0.0556,0.1296,0.1667,0.8407
60,1,200,1,50,0.6144,0.2982,0.6144,0.1296,0.1296,0.1667,0.7847
65,1,200,1,50,0.6362,0.3029,0.6362,0.0926,0.1481,0.1667,0.8171
70,1,200,1,50,0.6427,0.3171,0.6427,0.1667,0.1111,0.1667,0.8201
75,1,200,1,50,0.6231,0.2974,0.6231,0.1111,0.1296,0.1667,0.7994
80,1,200,1,50,0.6405,0.2897,0.6405,0.0926,0.0741,0.1667,0.8348
85,1,200,1,50,0.6471,0.3203,0.6471,0.1667,0.0741,0.2500,0.8289
90,1,200,1,50,0.6427,0.2946,0.6427,0.1111,0.1111,0.1667,0.8289
95,1,200,1,50,0.6471,0.2999,0.6471,0.0926,0.1296,0.1667,0.8348
100,1,200,1,50,0.6623,0.3340,0.6623,0.1481,0.1852,0.1667,0.8378
105,1,200,1,50,0.6296,0.3037,0.6296,0.0741,0.1481,0.1667,0.8112
110,1,200,1,50,0.6340,0.3209,0.6340,0.1111,0.1296,0.2500,0.8112
115,1,200,1,50,0.6405,0.3295,0.6405,0.1111,0.1481,0.2500,0.8171
120,1,200,1,50,0.6514,0.3426,0.6514,0.0741,0.2222,0.2500,0.8260
125,1,200,1,50,0.6580,0.3690,0.6580,0.1481,0.2778,0.2500,0.8142
130,1,200,1,50,0.6645,0.3437,0.6645,0.1296,0.1852,0.2500,0.8407
135,1,200,1,50,0.6253,0.2997,0.6253,0.1296,0.0926,0.1667,0.8053
140,1,200,1,50,0.6449,0.3225,0.6449,0.1481,0.1111,0.2500,0.8230
145,1,200,1,50,0.6471,0.3190,0.6471,0.1111,0.1667,0.1667,0.8260
150,1,200,1,50,0.6449,0.3154,0.6449,0.1111,0.1667,0.1667,0.8230
155,1,200,1,50,0.6645,0.3084,0.6645,0.0926,0.1296,0.1667,0.8584
160,1,200,1,50,0.6514,0.3060,0.6514,0.0926,0.1296,0.1667,0.8407
165,1,200,1,50,0.6536,0.3135,0.6536,0.0741,0.1481,0.1667,0.8437
170,1,200,1,50,0.6383,0.3136,0.6383,0.1296,0.1667,0.1667,0.8112
175,1,200,1,50,0.6144,0.2906,0.6144,0.1296,0.0926,0.1667,0.7906
180,1,200,1,50,0.6471,0.3107,0.6471,0.0926,0.1667,0.1667,0.8289
185,1,200,1,50,0.6754,0.3228,0.6754,0.1111,0.1296,0.1667,0.8702
190,1,200,1,50,0.6405,0.3071,0.6405,0.1296,0.1296,0.1667,0.8201
195,1,200,1,50,0.6492,0.3168,0.6492,0.0741,0.1667,0.2500,0.8319
0,1,200,1,100,0.6296,0.2700,0.6296,0.0517,0.2453,0.0000,0.8426
5,1,200,1,100,0.6405,0.3058,0.6405,0.0690,0.2075,0.0833,0.8549
10,1,200,1,100,0.6427,0.3038,0.6427,0.0690,0.1887,0.0833,0.8611
15,1,200,1,100,0.6100,0.3129,0.6100,0.1207,0.2264,0.0833,0.7994
20,1,200,1,100,0.6340,0.3309,0.6340,0.1379,0.2453,0.0833,0.8272
25,1,200,1,100,0.5861,0.2986,0.5861,0.1034,0.2264,0.0833,0.7685
30,1,200,1,100,0.5882,0.2791,0.5882,0.0862,0.1509,0.0833,0.7870
35,1,200,1,100,0.6187,0.2964,0.6187,0.1034,0.1509,0.0833,0.8272
40,1,200,1,100,0.6231,0.3143,0.6231,0.1034,0.2264,0.0833,0.8210
45,1,200,1,100,0.6057,0.3011,0.6057,0.1034,0.1887,0.0833,0.8025
50,1,200,1,100,0.6536,0.3438,0.6536,0.1207,0.2075,0.1250,0.8611
55,1,200,1,100,0.6122,0.2935,0.6122,0.0862,0.2264,0.0417,0.8117
60,1,200,1,100,0.5839,0.3158,0.5839,0.1207,0.2075,0.1250,0.7623
65,1,200,1,100,0.6144,0.3272,0.6144,0.1207,0.1509,0.1667,0.8117
70,1,200,1,100,0.6471,0.3256,0.6471,0.1207,0.1509,0.1250,0.8611
75,1,200,1,100,0.6187,0.3317,0.6187,0.0862,0.2642,0.1250,0.8086
80,1,200,1,100,0.5969,0.3210,0.5969,0.1379,0.2075,0.1250,0.7778
85,1,200,1,100,0.6296,0.2958,0.6296,0.1034,0.1321,0.0833,0.8457
90,1,200,1,100,0.5817,0.2854,0.5817,0.1207,0.1509,0.0833,0.7716
95,1,200,1,100,0.6231,0.3214,0.6231,0.1897,0.1509,0.0833,0.8179
100,1,200,1,100,0.6405,0.2985,0.6405,0.1034,0.1132,0.0833,0.8642
105,1,200,1,100,0.6013,0.2953,0.6013,0.1207,0.1509,0.0833,0.7994
110,1,200,1,100,0.6231,0.3123,0.6231,0.1379,0.1698,0.0833,0.8241
115,1,200,1,100,0.6122,0.2815,0.6122,0.1034,0.0943,0.0833,0.8272
120,1,200,1,100,0.6296,0.3044,0.6296,0.1034,0.1132,0.1250,0.8457
125,1,200,1,100,0.6253,0.2946,0.6253,0.1379,0.0943,0.0833,0.8395
130,1,200,1,100,0.5969,0.2774,0.5969,0.1207,0.0943,0.0833,0.8025
135,1,200,1,100,0.6253,0.2880,0.6253,0.1034,0.0943,0.0833,0.8457
140,1,200,1,100,0.6166,0.2666,0.6166,0.0862,0.0566,0.0833,0.8426
145,1,200,1,100,0.5991,0.3105,0.5991,0.1724,0.1132,0.1250,0.7901
150,1,200,1,100,0.5926,0.3031,0.5926,0.1724,0.1509,0.0833,0.7778
155,1,200,1,100,0.5752,0.2778,0.5752,0.1379,0.0943,0.0833,0.7685
160,1,200,1,100,0.6166,0.3260,0.6166,0.1379,0.1887,0.1250,0.8086
165,1,200,1,100,0.6187,0.3055,0.6187,0.1207,0.1132,0.1250,0.8272
170,1,200,1,100,0.5882,0.2939,0.5882,0.1379,0.1321,0.0833,0.7809
175,1,200,1,100,0.5882,0.3057,0.5882,0.1552,0.1887,0.0833,0.7685
180,1,200,1,100,0.6035,0.3094,0.6035,0.1207,0.1509,0.1250,0.7994
185,1,200,1,100,0.6057,0.3220,0.6057,0.2414,0.1509,0.0833,0.7840
190,1,200,1,100,0.6340,0.3254,0.6340,0.1379,0.1509,0.1250,0.8395
195,1,200,1,100,0.6253,0.3001,0.6253,0.1034,0.1509,0.0833,0.8364
0,1,200,1,200,0.5861,0.2795,0.5861,0.1091,0.0938,0.1250,0.7870
5,1,200,1,200,0.5861,0.2717,0.5861,0.0727,0.0938,0.1250,0.7932
10,1,200,1,200,0.6209,0.2861,0.6209,0.0909,0.0625,0.1250,0.8457
15,1,200,1,200,0.5839,0.2482,0.5839,0.0727,0.0625,0.0625,0.7994
20,1,200,1,200,0.5577,0.2481,0.5577,0.0727,0.1094,0.0625,0.7531
25,1,200,1,200,0.5969,0.2662,0.5969,0.0727,0.0625,0.1250,0.8148
30,1,200,1,200,0.6078,0.2281,0.6078,0.0364,0.0156,0.0625,0.8488
35,1,200,1,200,0.6231,0.2755,0.6231,0.0545,0.0781,0.1250,0.8519
40,1,200,1,200,0.5948,0.2615,0.5948,0.1273,0.0469,0.0625,0.8086
45,1,200,1,200,0.5926,0.2540,0.5926,0.0545,0.0625,0.1250,0.8117
50,1,200,1,200,0.6100,0.2731,0.6100,0.1091,0.0938,0.0625,0.8241
55,1,200,1,200,0.5948,0.2727,0.5948,0.1273,0.0938,0.0625,0.7994
60,1,200,1,200,0.6100,0.2429,0.6100,0.0182,0.0781,0.0625,0.8426
65,1,200,1,200,0.6166,0.2850,0.6166,0.1273,0.1094,0.0625,0.8272
70,1,200,1,200,0.6013,0.2529,0.6013,0.1091,0.0312,0.0625,0.8241
75,1,200,1,200,0.5969,0.2679,0.5969,0.1091,0.0938,0.0625,0.8056
80,1,200,1,200,0.5861,0.2503,0.5861,0.1455,0.0156,0.0625,0.7994
85,1,200,1,200,0.6166,0.2687,0.6166,0.0909,0.0781,0.0625,0.8395
90,1,200,1,200,0.5904,0.2569,0.5904,0.1091,0.0625,0.0625,0.8025
95,1,200,1,200,0.5969,0.2690,0.5969,0.1273,0.0781,0.0625,0.8056
100,1,200,1,200,0.6013,0.2676,0.6013,0.0727,0.0469,0.1250,0.8241
105,1,200,1,200,0.6100,0.2907,0.6100,0.1455,0.0625,0.1250,0.8210
110,1,200,1,200,0.5577,0.2865,0.5577,0.1091,0.1250,0.1875,0.7377
115,1,200,1,200,0.6035,0.2817,0.6035,0.1091,0.0625,0.1250,0.8179
120,1,200,1,200,0.6253,0.2849,0.6253,0.0727,0.0781,0.1250,0.8519
125,1,200,1,200,0.6275,0.2841,0.6275,0.0727,0.0781,0.1250,0.8549
130,1,200,1,200,0.6122,0.2702,0.6122,0.0727,0.0469,0.1250,0.8395
135,1,200,1,200,0.6035,0.2554,0.6035,0.0545,0.0469,0.1250,0.8302
140,1,200,1,200,0.6013,0.2738,0.6013,0.0727,0.0938,0.1250,0.8148
145,1,200,1,200,0.6035,0.2651,0.6035,0.0545,0.0312,0.1875,0.8302
150,1,200,1,200,0.5969,0.2662,0.5969,0.0182,0.1094,0.1250,0.8148
155,1,200,1,200,0.6013,0.2856,0.6013,0.1091,0.0938,0.1250,0.8086
160,1,200,1,200,0.5969,0.2766,0.5969,0.0545,0.1094,0.1250,0.8086
165,1,200,1,200,0.6253,0.2883,0.6253,0.0909,0.0781,0.1250,0.8488
170,1,200,1,200,0.5817,0.2848,0.5817,0.1091,0.1250,0.1250,0.7747
175,1,200,1,200,0.6122,0.2554,0.6122,0.0727,0.0625,0.0625,0.8395
180,1,200,1,200,0.6253,0.2912,0.6253,0.0545,0.0469,0.1875,0.8580
185,1,200,1,200,0.5948,0.2434,0.5948,0.0364,0.0156,0.1250,0.8272
190,1,200,1,200,0.5969,0.2504,0.5969,0.0545,0.0781,0.0625,0.8179
195,1,200,1,200,0.6078,0.2504,0.6078,0.0364,0.0781,0.0625,0.8364
0,2,50,1,50,0.6253,0.2590,0.6253,0.0370,0.2453,0.0000,0.8267
5,2,50,1,50,0.5229,0.2891,0.5229,0.2222,0.2830,0.0435,0.6444
10,2,50,1,50,0.5207,0.2702,0.5207,0.1667,0.3208,0.0000,0.6474
15,2,50,1,50,0.5686,0.2934,0.5686,0.2037,0.2075,0.0435,0.7234
20,2,50,1,50,0.5403,0.2609,0.5403,0.1852,0.1887,0.0000,0.6930
25,2,50,1,50,0.5773,0.2534,0.5773,0.1111,0.1509,0.0000,0.7629
30,2,50,1,50,0.6078,0.2849,0.6078,0.1481,0.2264,0.0000,0.7872
35,2,50,1,50,0.5926,0.2652,0.5926,0.1481,0.1509,0.0000,0.7781
40,2,50,1,50,0.6362,0.2945,0.6362,0.1481,0.1321,0.0435,0.8389
45,2,50,1,50,0.5752,0.2721,0.5752,0.1296,0.2453,0.0000,0.7416
50,2,50,1,50,0.6013,0.2681,0.6013,0.1667,0.1321,0.0000,0.7903
55,2,50,1,50,0.6122,0.2712,0.6122,0.1667,0.1132,0.0000,0.8085
60,2,50,1,50,0.5882,0.2589,0.5882,0.0926,0.1887,0.0000,0.7751
65,2,50,1,50,0.6144,0.2807,0.6144,0.1481,0.1887,0.0000,0.8024
70,2,50,1,50,0.6231,0.2796,0.6231,0.0556,0.1887,0.0435,0.8267
75,2,50,1,50,0.5773,0.2915,0.5773,0.2593,0.1321,0.0435,0.7386
80,2,50,1,50,0.6057,0.2859,0.6057,0.1296,0.1698,0.0435,0.7933
85,2,50,1,50,0.6187,0.2690,0.6187,0.0926,0.1132,0.0435,0.8267
90,2,50,1,50,0.5926,0.2638,0.5926,0.1296,0.0943,0.0435,0.7872
95,2,50,1,50,0.6166,0.2585,0.6166,0.0926,0.0755,0.0435,0.8298
100,2,50,1,50,0.5926,0.2572,0.5926,0.1296,0.1321,0.0000,0.7842
105,2,50,1,50,0.5904,0.2573,0.5904,0.1296,0.1321,0.0000,0.7812
110,2,50,1,50,0.6078,0.2651,0.6078,0.1111,0.1509,0.0000,0.8055
115,2,50,1,50,0.6013,0.2688,0.6013,0.0741,0.2264,0.0000,0.7903
120,2,50,1,50,0.5882,0.2411,0.5882,0.0556,0.1321,0.0000,0.7903
125,2,50,1,50,0.6078,0.2626,0.6078,0.0741,0.1887,0.0000,0.8055
130,2,50,1,50,0.5969,0.2655,0.5969,0.0926,0.2075,0.0000,0.7842
135,2,50,1,50,0.6166,0.2531,0.6166,0.0926,0.1132,0.0000,0.8267
140,2,50,1,50,0.6209,0.3109,0.6209,0.1667,0.2264,0.0435,0.7994
145,2,50,1,50,0.6275,0.3032,0.6275,0.1852,0.1509,0.0435,0.8176
150,2,50,1,50,0.6144,0.2732,0.6144,0.1667,0.1321,0.0000,0.8085
155,2,50,1,50,0.6166,0.2647,0.6166,0.1481,0.1132,0.0000,0.8176
160,2,50,1,50,0.6100,0.2820,0.6100,0.2037,0.1509,0.0000,0.7933
165,2,50,1,50,0.6166,0.3050,0.6166,0.1111,0.1887,0.0870,0.8055
170,2,50,1,50,0.6275,0.3107,0.6275,0.1481,0.2264,0.0435,0.8116
175,2,50,1,50,0.6296,0.2775,0.6296,0.1111,0.1698,0.0000,0.8328
180,2,50,1,50,0.6405,0.2713,0.6405,0.1111,0.1321,0.0000,0.8541
185,2,50,1,50,0.6275,0.3143,0.6275,0.1481,0.1698,0.0870,0.8176
190,2,50,1,50,0.6209,0.3046,0.6209,0.1667,0.1321,0.0870,0.8116
195,2,50,1,50,0.6340,0.2695,0.6340,0.0926,0.0943,0.0435,0.8511
0,2,50,1,100,0.5403,0.2476,0.5403,0.2295,0.0962,0.0000,0.6960
5,2,50,1,100,0.5708,0.2648,0.5708,0.2295,0.1154,0.0000,0.7356
10,2,50,1,100,0.5969,0.3159,0.5969,0.1639,0.3077,0.0588,0.7508
15,2,50,1,100,0.5926,0.2809,0.5926,0.1148,0.1731,0.0588,0.7751
20,2,50,1,100,0.6100,0.2983,0.6100,0.1311,0.1923,0.0588,0.7933
25,2,50,1,100,0.5904,0.2807,0.5904,0.0656,0.2500,0.0588,0.7690
30,2,50,1,100,0.5926,0.3102,0.5926,0.1967,0.2308,0.0588,0.7508
35,2,50,1,100,0.6209,0.3315,0.6209,0.1639,0.2308,0.1176,0.7933
40,2,50,1,100,0.6383,0.3043,0.6383,0.1311,0.1731,0.0588,0.8359
45,2,50,1,100,0.6122,0.3131,0.6122,0.1475,0.2500,0.0588,0.7842
50,2,50,1,100,0.6449,0.3099,0.6449,0.1803,0.1346,0.0588,0.8419
55,2,50,1,100,0.6340,0.3263,0.6340,0.1475,0.2692,0.0588,0.8116
60,2,50,1,100,0.5969,0.2673,0.5969,0.0984,0.1154,0.0588,0.7933
65,2,50,1,100,0.6144,0.2621,0.6144,0.0328,0.1346,0.0588,0.8267
70,2,50,1,100,0.5991,0.2693,0.5991,0.0328,0.2115,0.0588,0.7933
75,2,50,1,100,0.6187,0.2895,0.6187,0.0820,0.1923,0.0588,0.8146
80,2,50,1,100,0.6057,0.3015,0.6057,0.1311,0.1538,0.1176,0.7903
85,2,50,1,100,0.6253,0.3313,0.6253,0.1148,0.1923,0.1765,0.8116
90,2,50,1,100,0.6340,0.3064,0.6340,0.0820,0.1538,0.1176,0.8389
95,2,50,1,100,0.6013,0.2681,0.6013,0.0656,0.1346,0.0588,0.8024
100,2,50,1,100,0.6536,0.3531,0.6536,0.0820,0.2500,0.1765,0.8480
105,2,50,1,100,0.6231,0.3086,0.6231,0.1148,0.1538,0.1176,0.8176
110,2,50,1,100,0.6231,0.2832,0.6231,0.0984,0.1346,0.0588,0.8267
115,2,50,1,100,0.6427,0.2969,0.6427,0.1475,0.1154,0.0588,0.8480
120,2,50,1,100,0.6492,0.2893,0.6492,0.0984,0.1154,0.0588,0.8663
125,2,50,1,100,0.6427,0.3103,0.6427,0.1475,0.1731,0.0588,0.8389
130,2,50,1,100,0.6536,0.3248,0.6536,0.1311,0.1346,0.1176,0.8602
135,2,50,1,100,0.6209,0.2987,0.6209,0.0656,0.2885,0.0588,0.8055
140,2,50,1,100,0.6536,0.3200,0.6536,0.1311,0.1346,0.1176,0.8602
145,2,50,1,100,0.6427,0.3279,0.6427,0.1311,0.1923,0.1176,0.8359
150,2,50,1,100,0.6122,0.2928,0.6122,0.0820,0.2308,0.0588,0.7994
155,2,50,1,100,0.6187,0.3105,0.6187,0.1311,0.1538,0.1176,0.8085
160,2,50,1,100,0.6253,0.2925,0.6253,0.1148,0.1538,0.0588,0.8237
165,2,50,1,100,0.6427,0.2882,0.6427,0.1148,0.1154,0.0588,0.8541
170,2,50,1,100,0.6275,0.3042,0.6275,0.1639,0.1538,0.0588,0.8176
175,2,50,1,100,0.6253,0.3145,0.6253,0.1803,0.1923,0.0588,0.8055
180,2,50,1,100,0.6405,0.2893,0.6405,0.1803,0.0577,0.0588,0.8480
185,2,50,1,100,0.6558,0.3198,0.6558,0.1639,0.1731,0.0588,0.8541
190,2,50,1,100,0.6187,0.2799,0.6187,0.0984,0.1346,0.0588,0.8207
195,2,50,1,100,0.6492,0.3169,0.6492,0.1803,0.1538,0.0588,0.8450
0,2,50,1,200,0.5686,0.2710,0.5686,0.1803,0.1754,0.0000,0.7524
5,2,50,1,200,0.5621,0.3394,0.5621,0.1803,0.2281,0.2273,0.7179
10,2,50,1,200,0.5534,0.2857,0.5534,0.1148,0.2105,0.0909,0.7304
15,2,50,1,200,0.5926,0.2957,0.5926,0.0656,0.1754,0.1364,0.7994
20,2,50,1,200,0.5926,0.2912,0.5926,0.0820,0.1053,0.1818,0.8056
25,2,50,1,200,0.5991,0.3317,0.5991,0.0656,0.1930,0.2273,0.7994
30,2,50,1,200,0.5882,0.2869,0.5882,0.0820,0.1404,0.1364,0.7962
35,2,50,1,200,0.5882,0.2941,0.5882,0.0656,0.1404,0.1818,0.7962
40,2,50,1,200,0.5969,0.3093,0.5969,0.1148,0.1930,0.0909,0.7962
45,2,50,1,200,0.6122,0.3249,0.6122,0.1967,0.1228,0.1364,0.8119
50,2,50,1,200,0.6057,0.3247,0.6057,0.1148,0.1404,0.1818,0.8119
55,2,50,1,200,0.5839,0.2853,0.5839,0.0820,0.1579,0.0909,0.7900
60,2,50,1,200,0.6122,0.3204,0.6122,0.0984,0.1228,0.1818,0.8276
65,2,50,1,200,0.6035,0.3205,0.6035,0.1475,0.1404,0.1364,0.8056
70,2,50,1,200,0.6013,0.2981,0.6013,0.1311,0.1404,0.0909,0.8088
75,2,50,1,200,0.6078,0.3225,0.6078,0.1475,0.1228,0.1818,0.8119
80,2,50,1,200,0.6057,0.3428,0.6057,0.1475,0.1579,0.2273,0.7994
85,2,50,1,200,0.6122,0.3455,0.6122,0.1475,0.1579,0.2273,0.8088
90,2,50,1,200,0.5948,0.3187,0.5948,0.0984,0.1404,0.2273,0.7962
95,2,50,1,200,0.5861,0.3279,0.5861,0.1475,0.1228,0.2727,0.7743
100,2,50,1,200,0.6100,0.3283,0.6100,0.1475,0.1228,0.1818,0.8150
105,2,50,1,200,0.6035,0.3337,0.6035,0.1803,0.2105,0.1364,0.7868
110,2,50,1,200,0.6296,0.3337,0.6296,0.1311,0.1930,0.1364,0.8370
115,2,50,1,200,0.5904,0.3632,0.5904,0.1803,0.2456,0.2273,0.7555
120,2,50,1,200,0.6035,0.3111,0.6035,0.1148,0.1228,0.1818,0.8119
125,2,50,1,200,0.5991,0.2955,0.5991,0.1148,0.1579,0.0909,0.8056
130,2,50,1,200,0.6035,0.2943,0.6035,0.0984,0.1579,0.0909,0.8150
135,2,50,1,200,0.6296,0.3023,0.6296,0.0984,0.1404,0.0909,0.8558
140,2,50,1,200,0.6253,0.3132,0.6253,0.1475,0.1404,0.0909,0.8401
145,2,50,1,200,0.6340,0.3034,0.6340,0.0984,0.1404,0.0909,0.8621
150,2,50,1,200,0.5969,0.2901,0.5969,0.0820,0.1579,0.0909,0.8088
155,2,50,1,200,0.5904,0.3074,0.5904,0.0984,0.1754,0.1364,0.7900
160,2,50,1,200,0.6122,0.3168,0.6122,0.0820,0.1930,0.1364,0.8213
165,2,50,1,200,0.5969,0.3100,0.5969,0.0984,0.1228,0.1818,0.8056
170,2,50,1,200,0.6013,0.3238,0.6013,0.1148,0.1579,0.1818,0.8025
175,2,50,1,200,0.6122,0.3123,0.6122,0.1148,0.1404,0.1364,0.8245
180,2,50,1,200,0.5926,0.3070,0.5926,0.0820,0.1404,0.1818,0.7994
185,2,50,1,200,0.5643,0.2746,0.5643,0.1475,0.1404,0.0455,0.7555
190,2,50,1,200,0.6122,0.3034,0.6122,0.1148,0.1053,0.1364,0.8307
195,2,50,1,200,0.6187,0.3207,0.6187,0.1475,0.1228,0.1364,0.8307
0,2,100,1,50,0.6492,0.2454,0.6492,0.0000,0.2203,0.0000,0.8407
5,2,100,1,50,0.6340,0.2831,0.6340,0.1163,0.2373,0.0000,0.8024
10,2,100,1,50,0.5795,0.2742,0.5795,0.0465,0.2203,0.1111,0.7345
15,2,100,1,50,0.6100,0.2810,0.6100,0.1163,0.1017,0.1111,0.7876
20,2,100,1,50,0.6100,0.2696,0.6100,0.1163,0.1017,0.0556,0.7906
25,2,100,1,50,0.5556,0.2668,0.5556,0.1860,0.1356,0.0556,0.7021
30,2,100,1,50,0.6275,0.2677,0.6275,0.0698,0.1186,0.0556,0.8171
35,2,100,1,50,0.6536,0.2792,0.6536,0.0465,0.1695,0.0556,0.8466
40,2,100,1,50,0.6078,0.2864,0.6078,0.1163,0.1695,0.0556,0.7758
45,2,100,1,50,0.6187,0.2849,0.6187,0.1395,0.1356,0.0556,0.7935
50,2,100,1,50,0.6166,0.3031,0.6166,0.2093,0.1695,0.0556,0.7758
55,2,100,1,50,0.5752,0.2847,0.5752,0.1163,0.1356,0.1111,0.7345
60,2,100,1,50,0.6013,0.2630,0.6013,0.0930,0.1186,0.0556,0.7788
65,2,100,1,50,0.6057,0.2688,0.6057,0.0465,0.1695,0.0556,0.7817
70,2,100,1,50,0.6383,0.2888,0.6383,0.0930,0.1695,0.0556,0.8201
75,2,100,1,50,0.6100,0.3140,0.6100,0.1860,0.1695,0.1111,0.7670
80,2,100,1,50,0.6057,0.3174,0.6057,0.1628,0.2203,0.1111,0.7552
85,2,100,1,50,0.6187,0.2760,0.6187,0.0930,0.1525,0.0556,0.7965
90,2,100,1,50,0.6122,0.2794,0.6122,0.1163,0.1525,0.0556,0.7847
95,2,100,1,50,0.5969,0.2755,0.5969,0.1163,0.1525,0.0556,0.7640
100,2,100,1,50,0.6166,0.2560,0.6166,0.0465,0.1186,0.0556,0.8053
105,2,100,1,50,0.6209,0.3007,0.6209,0.1163,0.1525,0.1111,0.7935
110,2,100,1,50,0.6187,0.3040,0.6187,0.1628,0.2034,0.0556,0.7788
115,2,100,1,50,0.6318,0.3021,0.6318,0.1628,0.1695,0.0556,0.8024
120,2,100,1,50,0.5577,0.3025,0.5577,0.1860,0.3220,0.0556,0.6726
125,2,100,1,50,0.6035,0.2801,0.6035,0.0930,0.1864,0.0556,0.7699
130,2,100,1,50,0.6558,0.2889,0.6558,0.0930,0.1356,0.0556,0.8496
135,2,100,1,50,0.6340,0.3100,0.6340,0.1860,0.1864,0.0556,0.7994
140,2,100,1,50,0.6362,0.2831,0.6362,0.0930,0.1356,0.0556,0.8230
145,2,100,1,50,0.6078,0.3101,0.6078,0.1395,0.1864,0.1111,0.7670
150,2,100,1,50,0.6166,0.3042,0.6166,0.1163,0.2712,0.0556,0.7699
155,2,100,1,50,0.5773,0.2849,0.5773,0.0930,0.2712,0.0556,0.7198
160,2,100,1,50,0.6318,0.3101,0.6318,0.0930,0.1864,0.1111,0.8053
165,2,100,1,50,0.6035,0.2963,0.6035,0.0930,0.1356,0.1667,0.7729
170,2,100,1,50,0.6362,0.3230,0.6362,0.1395,0.2034,0.1111,0.8024
175,2,100,1,50,0.6340,0.3077,0.6340,0.1395,0.1525,0.1111,0.8083
180,2,100,1,50,0.5948,0.2959,0.5948,0.1163,0.1695,0.1111,0.7552
185,2,100,1,50,0.6122,0.2984,0.6122,0.1395,0.1186,0.1111,0.7847
190,2,100,1,50,0.6253,0.2717,0.6253,0.0465,0.1695,0.0556,0.8083
195,2,100,1,50,0.6100,0.3055,0.6100,0.1163,0.1695,0.1111,0.7758
0,2,100,1,100,0.6144,0.2496,0.6144,0.0000,0.3158,0.0000,0.8049
5,2,100,1,100,0.5621,0.2384,0.5621,0.0526,0.1754,0.0000,0.7470
10,2,100,1,100,0.5882,0.2704,0.5882,0.1404,0.1754,0.0000,0.7683
15,2,100,1,100,0.5621,0.2516,0.5621,0.1579,0.1053,0.0000,0.7409
20,2,100,1,100,0.5686,0.2629,0.5686,0.1579,0.1404,0.0000,0.7439
25,2,100,1,100,0.5991,0.2649,0.5991,0.1754,0.0877,0.0000,0.7927
30,2,100,1,100,0.6144,0.2779,0.6144,0.1404,0.1579,0.0000,0.8079
35,2,100,1,100,0.6100,0.3014,0.6100,0.1228,0.1228,0.1765,0.8018
40,2,100,1,100,0.5991,0.3057,0.5991,0.1579,0.1579,0.1176,0.7774
45,2,100,1,100,0.6340,0.3136,0.6340,0.1754,0.1053,0.1176,0.8323
50,2,100,1,100,0.6144,0.2746,0.6144,0.1754,0.1053,0.0000,0.8110
55,2,100,1,100,0.6253,0.2793,0.6253,0.1404,0.0877,0.0588,0.8323
60,2,100,1,100,0.6187,0.2782,0.6187,0.1754,0.1228,0.0000,0.8140
65,2,100,1,100,0.6057,0.2669,0.6057,0.1579,0.1053,0.0000,0.8018
70,2,100,1,100,0.6253,0.3022,0.6253,0.1053,0.2105,0.0588,0.8171
75,2,100,1,100,0.6035,0.2864,0.6035,0.1228,0.2632,0.0000,0.7774
80,2,100,1,100,0.5861,0.2582,0.5861,0.1053,0.0877,0.0588,0.7835
85,2,100,1,100,0.6405,0.2699,0.6405,0.0877,0.1404,0.0000,0.8567
90,2,100,1,100,0.5861,0.2585,0.5861,0.0702,0.1228,0.0588,0.7835
95,2,100,1,100,0.6057,0.2568,0.6057,0.1404,0.0877,0.0000,0.8079
100,2,100,1,100,0.5969,0.2725,0.5969,0.0877,0.1579,0.0588,0.7896
105,2,100,1,100,0.6057,0.2767,0.6057,0.1228,0.1228,0.0588,0.8018
110,2,100,1,100,0.6166,0.3219,0.6166,0.1053,0.1930,0.1765,0.8018
115,2,100,1,100,0.6013,0.3033,0.6013,0.2456,0.0877,0.1176,0.7774
120,2,100,1,100,0.6057,0.2858,0.6057,0.0877,0.1404,0.1176,0.8018
125,2,100,1,100,0.6362,0.2796,0.6362,0.1228,0.0877,0.0588,0.8506
130,2,100,1,100,0.6100,0.2957,0.6100,0.1754,0.1404,0.0588,0.7957
135,2,100,1,100,0.6057,0.2808,0.6057,0.2105,0.1228,0.0000,0.7896
140,2,100,1,100,0.6275,0.3244,0.6275,0.2456,0.1754,0.0588,0.8018
145,2,100,1,100,0.6057,0.2855,0.6057,0.1579,0.1228,0.0588,0.7957
150,2,100,1,100,0.5948,0.2886,0.5948,0.1930,0.1228,0.0588,0.7744
155,2,100,1,100,0.5839,0.2921,0.5839,0.1754,0.1754,0.0588,0.7530
160,2,100,1,100,0.6166,0.2985,0.6166,0.1754,0.1404,0.0588,0.8049
165,2,100,1,100,0.6275,0.2898,0.6275,0.1754,0.1404,0.0000,0.8232
170,2,100,1,100,0.6035,0.2876,0.6035,0.1053,0.1930,0.0588,0.7896
175,2,100,1,100,0.6580,0.3083,0.6580,0.1228,0.1579,0.0588,0.8689
180,2,100,1,100,0.6209,0.2903,0.6209,0.2105,0.1404,0.0000,0.8079
185,2,100,1,100,0.5882,0.3008,0.5882,0.2281,0.1579,0.0588,0.7530
190,2,100,1,100,0.6318,0.3099,0.6318,0.1579,0.1754,0.0588,0.8232
195,2,100,1,100,0.6209,0.3060,0.6209,0.1404,0.2105,0.0588,0.8049
0,2,100,1,200,0.6797,0.2530,0.6797,0.0377,0.0938,0.0000,0.9354
5,2,100,1,200,0.6514,0.3090,0.6514,0.1132,0.2812,0.0000,0.8462
10,2,100,1,200,0.6275,0.2645,0.6275,0.1509,0.0781,0.0000,0.8462
15,2,100,1,200,0.6078,0.2780,0.6078,0.1132,0.2188,0.0000,0.7969
20,2,100,1,200,0.6209,0.3074,0.6209,0.1132,0.2188,0.0588,0.8123
25,2,100,1,200,0.6122,0.2945,0.6122,0.1132,0.1875,0.0588,0.8062
30,2,100,1,200,0.5904,0.2930,0.5904,0.1698,0.1719,0.0588,0.7692
35,2,100,1,200,0.6078,0.2631,0.6078,0.1132,0.1250,0.0000,0.8154
40,2,100,1,200,0.6144,0.2724,0.6144,0.1321,0.1406,0.0000,0.8185
45,2,100,1,200,0.6275,0.2852,0.6275,0.0943,0.2188,0.0000,0.8277
50,2,100,1,200,0.6383,0.2776,0.6383,0.1698,0.0938,0.0000,0.8554
55,2,100,1,200,0.6078,0.2611,0.6078,0.1509,0.0938,0.0000,0.8154
60,2,100,1,200,0.6122,0.2882,0.6122,0.1132,0.1562,0.0588,0.8123
65,2,100,1,200,0.6492,0.3111,0.6492,0.1132,0.1875,0.0588,0.8585
70,2,100,1,200,0.6296,0.2822,0.6296,0.1132,0.1875,0.0000,0.8338
75,2,100,1,200,0.6231,0.2859,0.6231,0.0755,0.2344,0.0000,0.8215
80,2,100,1,200,0.6340,0.2754,0.6340,0.0943,0.1719,0.0000,0.8462
85,2,100,1,200,0.6078,0.2915,0.6078,0.1132,0.2812,0.0000,0.7846
90,2,100,1,200,0.6231,0.2876,0.6231,0.0943,0.2500,0.0000,0.8154
95,2,100,1,200,0.6558,0.3060,0.6558,0.1132,0.2500,0.0000,0.8585
100,2,100,1,200,0.6471,0.3265,0.6471,0.1509,0.2188,0.0588,0.8431
105,2,100,1,200,0.6601,0.2889,0.6601,0.1321,0.1406,0.0000,0.8831
110,2,100,1,200,0.6558,0.3146,0.6558,0.1132,0.1875,0.0588,0.8677
115,2,100,1,200,0.6383,0.2918,0.6383,0.1321,0.2031,0.0000,0.8400
120,2,100,1,200,0.6122,0.2704,0.6122,0.1321,0.1406,0.0000,0.8154
125,2,100,1,200,0.6514,0.2849,0.6514,0.1698,0.1094,0.0000,0.8708
130,2,100,1,200,0.6427,0.2958,0.6427,0.2075,0.1406,0.0000,0.8462
135,2,100,1,200,0.6405,0.2802,0.6405,0.0943,0.1719,0.0000,0.8554
140,2,100,1,200,0.6645,0.2922,0.6645,0.1132,0.1562,0.0000,0.8892
145,2,100,1,200,0.6275,0.2710,0.6275,0.0943,0.1562,0.0000,0.8400
150,2,100,1,200,0.6449,0.3190,0.6449,0.0943,0.2656,0.0588,0.8400
155,2,100,1,200,0.6558,0.3185,0.6558,0.1509,0.1719,0.0588,0.8646
160,2,100,1,200,0.6601,0.3465,0.6601,0.1321,0.1719,0.1765,0.8677
165,2,100,1,200,0.6405,0.3220,0.6405,0.1509,0.2188,0.0588,0.8338
170,2,100,1,200,0.6340,0.3081,0.6340,0.0943,0.1719,0.1176,0.8400
175,2,100,1,200,0.6471,0.3023,0.6471,0.1132,0.2500,0.0000,0.8462
180,2,100,1,200,0.6536,0.3127,0.6536,0.0943,0.1406,0.1176,0.8738
185,2,100,1,200,0.6580,0.2818,0.6580,0.0755,0.1719,0.0000,0.8831
190,2,100,1,200,0.6645,0.3196,0.6645,0.1132,0.2031,0.0588,0.8769
195,2,100,1,200,0.6405,0.3159,0.6405,0.1509,0.1250,0.1176,0.8492
0,2,200,1,50,0.7124,0.2567,0.7124,0.0179,0.1111,0.0000,0.9610
5,2,200,1,50,0.6492,0.2642,0.6492,0.0536,0.1852,0.0000,0.8559
10,2,200,1,50,0.5817,0.2590,0.5817,0.0893,0.2222,0.0000,0.7508
15,2,200,1,50,0.6187,0.3071,0.6187,0.1786,0.1852,0.0625,0.7898
20,2,200,1,50,0.6057,0.2967,0.6057,0.1250,0.2222,0.0625,0.7748
25,2,200,1,50,0.6187,0.2817,0.6187,0.1250,0.2222,0.0000,0.7958
30,2,200,1,50,0.5708,0.2638,0.5708,0.1071,0.2593,0.0000,0.7267
35,2,200,1,50,0.6253,0.2978,0.6253,0.1964,0.2037,0.0000,0.7958
40,2,200,1,50,0.5817,0.2778,0.5817,0.1786,0.2222,0.0000,0.7357
45,2,200,1,50,0.6471,0.3084,0.6471,0.1964,0.2037,0.0000,0.8258
50,2,200,1,50,0.6340,0.3130,0.6340,0.1607,0.1852,0.0625,0.8138
55,2,200,1,50,0.6383,0.2879,0.6383,0.1071,0.2222,0.0000,0.8258
60,2,200,1,50,0.6623,0.2952,0.6623,0.1607,0.1481,0.0000,0.8619
65,2,200,1,50,0.6144,0.2709,0.6144,0.1964,0.0926,0.0000,0.7988
70,2,200,1,50,0.6318,0.2962,0.6318,0.1429,0.1481,0.0625,0.8198
75,2,200,1,50,0.6275,0.2861,0.6275,0.1607,0.1667,0.0000,0.8108
80,2,200,1,50,0.6623,0.3080,0.6623,0.1429,0.2222,0.0000,0.8529
85,2,200,1,50,0.6209,0.2934,0.6209,0.1607,0.2407,0.0000,0.7898
90,2,200,1,50,0.6318,0.2849,0.6318,0.1429,0.1852,0.0000,0.8168
95,2,200,1,50,0.6449,0.3154,0.6449,0.1786,0.2778,0.0000,0.8138
100,2,200,1,50,0.6383,0.3034,0.6383,0.1429,0.2778,0.0000,0.8108
105,2,200,1,50,0.6340,0.2882,0.6340,0.1250,0.2222,0.0000,0.8168
110,2,200,1,50,0.6231,0.3003,0.6231,0.2321,0.1852,0.0000,0.7898
115,2,200,1,50,0.6427,0.3097,0.6427,0.2679,0.1667,0.0000,0.8138
120,2,200,1,50,0.5969,0.2705,0.5969,0.1607,0.1481,0.0000,0.7718
125,2,200,1,50,0.6231,0.2775,0.6231,0.1250,0.1852,0.0000,0.8078
130,2,200,1,50,0.6296,0.2791,0.6296,0.0893,0.2222,0.0000,0.8168
135,2,200,1,50,0.6122,0.2648,0.6122,0.1429,0.1296,0.0000,0.7988
140,2,200,1,50,0.6166,0.3050,0.6166,0.2500,0.2037,0.0000,0.7748
145,2,200,1,50,0.6558,0.2908,0.6558,0.1607,0.1481,0.0000,0.8529
150,2,200,1,50,0.6187,0.2807,0.6187,0.1429,0.1852,0.0000,0.7988
155,2,200,1,50,0.6144,0.2702,0.6144,0.1071,0.1667,0.0000,0.8018
160,2,200,1,50,0.6405,0.2723,0.6405,0.1429,0.1111,0.0000,0.8408
165,2,200,1,50,0.6427,0.2796,0.6427,0.1964,0.0926,0.0000,0.8378
170,2,200,1,50,0.6362,0.2822,0.6362,0.1607,0.1481,0.0000,0.8258
175,2,200,1,50,0.6427,0.2906,0.6427,0.1250,0.1111,0.0625,0.8438
180,2,200,1,50,0.6318,0.2811,0.6318,0.1250,0.1852,0.0000,0.8198
185,2,200,1,50,0.6057,0.2781,0.6057,0.1250,0.2222,0.0000,0.7778
190,2,200,1,50,0.6514,0.2850,0.6514,0.1607,0.1296,0.0000,0.8498
195,2,200,1,50,0.6492,0.2973,0.6492,0.1607,0.2037,0.0000,0.8348
0,2,200,1,100,0.6754,0.2467,0.6754,0.1429,0.0000,0.0000,0.9377
5,2,200,1,100,0.6906,0.3479,0.6906,0.0952,0.1111,0.1667,0.9408
10,2,200,1,100,0.6318,0.3182,0.6318,0.1746,0.1429,0.0833,0.8380
15,2,200,1,100,0.6601,0.3292,0.6601,0.1429,0.1905,0.0833,0.8754
20,2,200,1,100,0.6427,0.3318,0.6427,0.1270,0.2698,0.0833,0.8380
25,2,200,1,100,0.6144,0.3131,0.6144,0.1746,0.1746,0.0833,0.8069
30,2,200,1,100,0.6427,0.3131,0.6427,0.1270,0.1746,0.0833,0.8567
35,2,200,1,100,0.6383,0.2963,0.6383,0.0794,0.1587,0.0833,0.8629
40,2,200,1,100,0.6601,0.3129,0.6601,0.1429,0.2222,0.0000,0.8723
45,2,200,1,100,0.6688,0.3555,0.6688,0.1111,0.2222,0.1667,0.8847
50,2,200,1,100,0.6754,0.3329,0.6754,0.0794,0.2381,0.0833,0.9003
55,2,200,1,100,0.6318,0.3142,0.6318,0.1111,0.2063,0.0833,0.8380
60,2,200,1,100,0.6275,0.3260,0.6275,0.1746,0.2063,0.0833,0.8193
65,2,200,1,100,0.6427,0.3264,0.6427,0.0794,0.1905,0.1667,0.8598
70,2,200,1,100,0.6710,0.3520,0.6710,0.0794,0.2222,0.1667,0.8941
75,2,200,1,100,0.5969,0.2953,0.5969,0.0635,0.2063,0.1667,0.7944
80,2,200,1,100,0.6471,0.3123,0.6471,0.0794,0.2222,0.0833,0.8629
85,2,200,1,100,0.6209,0.3111,0.6209,0.0476,0.2063,0.1667,0.8318
90,2,200,1,100,0.6580,0.3248,0.6580,0.0952,0.1587,0.1667,0.8847
95,2,200,1,100,0.6601,0.3280,0.6601,0.0794,0.1587,0.1667,0.8910
100,2,200,1,100,0.6928,0.3035,0.6928,0.0635,0.0952,0.0833,0.9564
105,2,200,1,100,0.6492,0.2885,0.6492,0.1111,0.0794,0.0833,0.8879
110,2,200,1,100,0.6471,0.3210,0.6471,0.1270,0.1270,0.1667,0.8692
115,2,200,1,100,0.6318,0.3087,0.6318,0.1587,0.1429,0.0833,0.8411
120,2,200,1,100,0.6514,0.3200,0.6514,0.1111,0.1429,0.1667,0.8754
125,2,200,1,100,0.6471,0.2886,0.6471,0.0794,0.1111,0.0833,0.8847
130,2,200,1,100,0.6471,0.3097,0.6471,0.0794,0.1905,0.0833,0.8692
135,2,200,1,100,0.6492,0.3372,0.6492,0.2222,0.1111,0.1667,0.8567
140,2,200,1,100,0.6471,0.3299,0.6471,0.1905,0.1587,0.0833,0.8536
145,2,200,1,100,0.6427,0.2957,0.6427,0.1270,0.0952,0.0833,0.8723
150,2,200,1,100,0.6427,0.3106,0.6427,0.0952,0.1905,0.0833,0.8598
155,2,200,1,100,0.6209,0.2838,0.6209,0.1270,0.0794,0.0833,0.8442
160,2,200,1,100,0.6296,0.3298,0.6296,0.1111,0.1587,0.1667,0.8411
165,2,200,1,100,0.6296,0.2849,0.6296,0.1111,0.0952,0.0833,0.8567
170,2,200,1,100,0.6427,0.2849,0.6427,0.0635,0.1270,0.0833,0.8785
175,2,200,1,100,0.5969,0.2559,0.5969,0.0476,0.1111,0.0833,0.8193
180,2,200,1,100,0.6253,0.2974,0.6253,0.0952,0.1587,0.0833,0.8411
185,2,200,1,100,0.6514,0.2906,0.6514,0.0635,0.1270,0.0833,0.8910
190,2,200,1,100,0.6580,0.2903,0.6580,0.0952,0.0952,0.0833,0.9003
195,2,200,1,100,0.6340,0.3168,0.6340,0.1429,0.1905,0.0833,0.8380
0,2,200,1,200,0.6732,0.3039,0.6732,0.1250,0.2105,0.0000,0.8788
5,2,200,1,200,0.6536,0.3382,0.6536,0.1250,0.2456,0.1250,0.8394
10,2,200,1,200,0.6318,0.3187,0.6318,0.2321,0.1579,0.0625,0.8091
15,2,200,1,200,0.6296,0.2939,0.6296,0.1607,0.2105,0.0000,0.8121
20,2,200,1,200,0.6253,0.2802,0.6253,0.1607,0.1579,0.0000,0.8152
25,2,200,1,200,0.6449,0.2854,0.6449,0.1786,0.1053,0.0000,0.8485
30,2,200,1,200,0.6318,0.3161,0.6318,0.1964,0.2807,0.0000,0.7970
35,2,200,1,200,0.6296,0.3033,0.6296,0.1429,0.1754,0.0625,0.8182
40,2,200,1,200,0.6057,0.3059,0.6057,0.1964,0.2632,0.0000,0.7636
45,2,200,1,200,0.6078,0.3041,0.6078,0.1786,0.2807,0.0000,0.7667
50,2,200,1,200,0.6296,0.2937,0.6296,0.1071,0.1754,0.0625,0.8242
55,2,200,1,200,0.6057,0.2825,0.6057,0.1607,0.1930,0.0000,0.7818
60,2,200,1,200,0.5795,0.2714,0.5795,0.1250,0.2281,0.0000,0.7455
65,2,200,1,200,0.6340,0.2911,0.6340,0.1071,0.1404,0.0625,0.8364
70,2,200,1,200,0.5861,0.2742,0.5861,0.1607,0.1053,0.0625,0.7667
75,2,200,1,200,0.5948,0.2509,0.5948,0.0893,0.1404,0.0000,0.7879
80,2,200,1,200,0.6231,0.2872,0.6231,0.1429,0.2105,0.0000,0.8061
85,2,200,1,200,0.5991,0.2551,0.5991,0.1250,0.1053,0.0000,0.7939
90,2,200,1,200,0.6166,0.2727,0.6166,0.0714,0.1404,0.0625,0.8182
95,2,200,1,200,0.6100,0.2654,0.6100,0.0893,0.1930,0.0000,0.8000
100,2,200,1,200,0.5861,0.2867,0.5861,0.1071,0.2281,0.0625,0.7545
105,2,200,1,200,0.6405,0.3000,0.6405,0.1071,0.1754,0.0625,0.8394
110,2,200,1,200,0.6144,0.2752,0.6144,0.0714,0.2632,0.0000,0.7970
115,2,200,1,200,0.6057,0.2650,0.6057,0.0357,0.2807,0.0000,0.7879
120,2,200,1,200,0.6209,0.2645,0.6209,0.1250,0.1228,0.0000,0.8212
125,2,200,1,200,0.6253,0.2717,0.6253,0.0893,0.1930,0.0000,0.8212
130,2,200,1,200,0.6231,0.2954,0.6231,0.1786,0.1930,0.0000,0.8030
135,2,200,1,200,0.6536,0.2978,0.6536,0.1429,0.1930,0.0000,0.8515
140,2,200,1,200,0.6383,0.3076,0.6383,0.1607,0.2632,0.0000,0.8152
145,2,200,1,200,0.6514,0.2827,0.6514,0.1071,0.1754,0.0000,0.8576
150,2,200,1,200,0.6253,0.2924,0.6253,0.1250,0.2632,0.0000,0.8030
155,2,200,1,200,0.6100,0.2736,0.6100,0.1250,0.1754,0.0000,0.7970
160,2,200,1,200,0.6187,0.2798,0.6187,0.0893,0.2281,0.0000,0.8061
165,2,200,1,200,0.6449,0.2896,0.6449,0.1250,0.1930,0.0000,0.8424
170,2,200,1,200,0.5926,0.2770,0.5926,0.1429,0.1930,0.0000,0.7667
175,2,200,1,200,0.5926,0.2774,0.5926,0.1429,0.2105,0.0000,0.7636
180,2,200,1,200,0.5839,0.2880,0.5839,0.1964,0.1404,0.0625,0.7515
185,2,200,1,200,0.6122,0.3263,0.6122,0.1607,0.2281,0.1250,0.7788
190,2,200,1,200,0.6122,0.3020,0.6122,0.1607,0.1754,0.0625,0.7909
195,2,200,1,200,0.6122,0.2736,0.6122,0.1250,0.1754,0.0000,0.8000
5,3,50,1,50,0.6928,0.2196,0.6928,0.0000,0.0339,0.0000,0.9634
10,3,50,1,50,0.6231,0.2882,0.6231,0.2321,0.1356,0.0000,0.8079
15,3,50,1,50,0.6275,0.2525,0.6275,0.2321,0.0169,0.0000,0.8354
20,3,50,1,50,0.5664,0.2714,0.5664,0.3750,0.0847,0.0000,0.7134
25,3,50,1,50,0.6209,0.3018,0.6209,0.2143,0.0508,0.1875,0.8140
30,3,50,1,50,0.5686,0.2308,0.5686,0.1607,0.0169,0.0000,0.7652
35,3,50,1,50,0.6057,0.2698,0.6057,0.1964,0.0847,0.0000,0.7988
40,3,50,1,50,0.5904,0.2627,0.5904,0.1429,0.0339,0.1250,0.7896
45,3,50,1,50,0.5882,0.2716,0.5882,0.1607,0.1525,0.0000,0.7683
50,3,50,1,50,0.5490,0.2409,0.5490,0.1250,0.0508,0.0625,0.7348
55,3,50,1,50,0.6122,0.2569,0.6122,0.1429,0.0339,0.0625,0.8232
60,3,50,1,50,0.6187,0.2767,0.6187,0.1429,0.0847,0.0625,0.8232
65,3,50,1,50,0.5904,0.2819,0.5904,0.1607,0.0847,0.1250,0.7774
70,3,50,1,50,0.6078,0.2528,0.6078,0.1250,0.0847,0.0000,0.8140
75,3,50,1,50,0.6383,0.2780,0.6383,0.1250,0.0678,0.0625,0.8567
80,3,50,1,50,0.6057,0.2444,0.6057,0.0893,0.0847,0.0000,0.8171
85,3,50,1,50,0.6231,0.2502,0.6231,0.0536,0.1356,0.0000,0.8384
90,3,50,1,50,0.5861,0.2696,0.5861,0.1250,0.1864,0.0000,0.7652
95,3,50,1,50,0.5795,0.2771,0.5795,0.2143,0.1356,0.0000,0.7500
100,3,50,1,50,0.5882,0.2931,0.5882,0.1607,0.1864,0.0625,0.7591
105,3,50,1,50,0.5817,0.2800,0.5817,0.1786,0.1186,0.0625,0.7591
110,3,50,1,50,0.6166,0.2720,0.6166,0.1429,0.1356,0.0000,0.8140
115,3,50,1,50,0.5643,0.2587,0.5643,0.1250,0.1695,0.0000,0.7378
120,3,50,1,50,0.6166,0.2550,0.6166,0.1071,0.1017,0.0000,0.8262
125,3,50,1,50,0.5926,0.2337,0.5926,0.1071,0.0508,0.0000,0.8018
130,3,50,1,50,0.5882,0.2682,0.5882,0.1607,0.1356,0.0000,0.7713
135,3,50,1,50,0.5708,0.2493,0.5708,0.1429,0.1017,0.0000,0.7561
140,3,50,1,50,0.5839,0.2927,0.5839,0.3036,0.1525,0.0000,0.7378
145,3,50,1,50,0.6035,0.2491,0.6035,0.1071,0.0847,0.0000,0.8110
150,3,50,1,50,0.5969,0.2638,0.5969,0.1964,0.0847,0.0000,0.7866
155,3,50,1,50,0.5882,0.2623,0.5882,0.1607,0.1186,0.0000,0.7744
160,3,50,1,50,0.5991,0.2529,0.5991,0.1071,0.1017,0.0000,0.8018
165,3,50,1,50,0.6253,0.2797,0.6253,0.2143,0.0847,0.0000,0.8232
170,3,50,1,50,0.5969,0.2587,0.5969,0.1607,0.0847,0.0000,0.7927
175,3,50,1,50,0.6100,0.2975,0.6100,0.2500,0.1525,0.0000,0.7835
180,3,50,1,50,0.5969,0.2795,0.5969,0.2321,0.1186,0.0000,0.7744
185,3,50,1,50,0.5991,0.2657,0.5991,0.2321,0.0508,0.0000,0.7896
190,3,50,1,50,0.5839,0.2746,0.5839,0.2321,0.1186,0.0000,0.7561
195,3,50,1,50,0.6144,0.2565,0.6144,0.0893,0.1186,0.0000,0.8232
200,3,50,1,50,0.6144,0.2816,0.6144,0.1429,0.1864,0.0000,0.8018
5,3,50,1,100,0.6776,0.2609,0.6776,0.0000,0.2154,0.0000,0.9083
10,3,50,1,100,0.6318,0.3213,0.6318,0.1923,0.3231,0.0000,0.7920
15,3,50,1,100,0.6296,0.3276,0.6296,0.2885,0.2769,0.0000,0.7829
20,3,50,1,100,0.6013,0.2795,0.6013,0.0577,0.3538,0.0000,0.7645
25,3,50,1,100,0.6057,0.3212,0.6057,0.2308,0.3385,0.0000,0.7462
30,3,50,1,100,0.6405,0.3150,0.6405,0.1731,0.2769,0.0000,0.8165
35,3,50,1,100,0.6471,0.3334,0.6471,0.1346,0.2769,0.0667,0.8287
40,3,50,1,100,0.6340,0.3297,0.6340,0.1538,0.2154,0.1333,0.8165
45,3,50,1,100,0.5904,0.2785,0.5904,0.1731,0.1846,0.0000,0.7645
50,3,50,1,100,0.6318,0.3316,0.6318,0.1346,0.3231,0.0667,0.7982
55,3,50,1,100,0.6253,0.3459,0.6253,0.2115,0.3231,0.0667,0.7768
60,3,50,1,100,0.6580,0.3620,0.6580,0.1538,0.3231,0.1333,0.8287
65,3,50,1,100,0.6296,0.3428,0.6296,0.2308,0.2769,0.0667,0.7890
70,3,50,1,100,0.6362,0.3498,0.6362,0.1923,0.2615,0.1333,0.8043
75,3,50,1,100,0.6166,0.3208,0.6166,0.1923,0.3385,0.0000,0.7676
80,3,50,1,100,0.6492,0.3559,0.6492,0.2115,0.3077,0.0667,0.8135
85,3,50,1,100,0.6253,0.3080,0.6253,0.2115,0.2154,0.0000,0.8012
90,3,50,1,100,0.5969,0.3340,0.5969,0.2115,0.2615,0.1333,0.7462
95,3,50,1,100,0.6340,0.3521,0.6340,0.1731,0.3077,0.1333,0.7951
100,3,50,1,100,0.6187,0.3162,0.6187,0.1731,0.3231,0.0000,0.7768
105,3,50,1,100,0.6209,0.2987,0.6209,0.1346,0.1692,0.0667,0.8135
110,3,50,1,100,0.6601,0.3341,0.6601,0.2308,0.2615,0.0000,0.8379
115,3,50,1,100,0.6383,0.3251,0.6383,0.2500,0.2308,0.0000,0.8104
120,3,50,1,100,0.6166,0.3372,0.6166,0.3654,0.2769,0.0000,0.7523
125,3,50,1,100,0.6688,0.3705,0.6688,0.3269,0.2308,0.0667,0.8379
130,3,50,1,100,0.6667,0.3569,0.6667,0.2692,0.2154,0.0667,0.8471
135,3,50,1,100,0.6514,0.3385,0.6514,0.3462,0.2154,0.0000,0.8165
140,3,50,1,100,0.6383,0.3511,0.6383,0.2500,0.2769,0.0667,0.7982
145,3,50,1,100,0.6362,0.3241,0.6362,0.2308,0.2615,0.0000,0.8043
150,3,50,1,100,0.6776,0.3391,0.6776,0.2308,0.2462,0.0000,0.8654
155,3,50,1,100,0.6449,0.3348,0.6449,0.2308,0.2000,0.0667,0.8257
160,3,50,1,100,0.6776,0.3633,0.6776,0.1923,0.2000,0.1333,0.8746
165,3,50,1,100,0.6797,0.3594,0.6797,0.2500,0.1538,0.1333,0.8777
170,3,50,1,100,0.6623,0.3455,0.6623,0.3269,0.1385,0.0667,0.8471
175,3,50,1,100,0.6296,0.3247,0.6296,0.2692,0.1538,0.0667,0.8073
180,3,50,1,100,0.6558,0.3633,0.6558,0.4423,0.2462,0.0000,0.8012
185,3,50,1,100,0.6776,0.3390,0.6776,0.2692,0.2000,0.0000,0.8685
190,3,50,1,100,0.6667,0.3552,0.6667,0.3269,0.2462,0.0000,0.8349
195,3,50,1,100,0.6471,0.3612,0.6471,0.3269,0.2308,0.0667,0.8073
200,3,50,1,100,0.6819,0.3772,0.6819,0.3269,0.2154,0.0667,0.8593
5,3,50,1,200,0.6819,0.2434,0.6819,0.1429,0.0000,0.0000,0.8997
10,3,50,1,200,0.5534,0.2680,0.5534,0.1429,0.3137,0.0000,0.6785
15,3,50,1,200,0.5991,0.3076,0.5991,0.1964,0.1176,0.1538,0.7552
20,3,50,1,200,0.5621,0.3043,0.5621,0.1964,0.1569,0.2308,0.6962
25,3,50,1,200,0.6035,0.2907,0.6035,0.1429,0.0980,0.1538,0.7729
30,3,50,1,200,0.6166,0.3022,0.6166,0.1071,0.1373,0.2308,0.7876
35,3,50,1,200,0.5708,0.2956,0.5708,0.0893,0.1569,0.2308,0.7257
40,3,50,1,200,0.6427,0.3195,0.6427,0.1786,0.0784,0.1538,0.8230
45,3,50,1,200,0.6231,0.3037,0.6231,0.1429,0.0980,0.1538,0.7994
50,3,50,1,200,0.5817,0.2877,0.5817,0.1250,0.1176,0.2308,0.7404
55,3,50,1,200,0.6013,0.3332,0.6013,0.1607,0.1569,0.2308,0.7552
60,3,50,1,200,0.6253,0.3072,0.6253,0.1429,0.1373,0.1538,0.7965
65,3,50,1,200,0.6187,0.3235,0.6187,0.1786,0.1569,0.1538,0.7788
70,3,50,1,200,0.6340,0.3541,0.6340,0.1964,0.1373,0.2308,0.7965
75,3,50,1,200,0.6100,0.3376,0.6100,0.2143,0.1373,0.2308,0.7611
80,3,50,1,200,0.6100,0.3135,0.6100,0.1607,0.1765,0.1538,0.7670
85,3,50,1,200,0.6471,0.3234,0.6471,0.1964,0.1176,0.1538,0.8201
90,3,50,1,200,0.5861,0.2889,0.5861,0.1250,0.1373,0.1538,0.7463
95,3,50,1,200,0.6340,0.3088,0.6340,0.0893,0.1373,0.1538,0.8171
100,3,50,1,200,0.6296,0.3119,0.6296,0.1071,0.1765,0.1538,0.8024
105,3,50,1,200,0.5991,0.2798,0.5991,0.0893,0.1176,0.1538,0.7729
110,3,50,1,200,0.6122,0.3369,0.6122,0.2321,0.0980,0.2308,0.7670
115,3,50,1,200,0.6275,0.3337,0.6275,0.2321,0.1373,0.1538,0.7847
120,3,50,1,200,0.5904,0.3330,0.5904,0.1786,0.2353,0.1538,0.7286
125,3,50,1,200,0.5904,0.2976,0.5904,0.1964,0.0980,0.1538,0.7463
130,3,50,1,200,0.6100,0.3012,0.6100,0.1607,0.0784,0.1538,0.7817
135,3,50,1,200,0.6166,0.3009,0.6166,0.1071,0.0980,0.1538,0.7965
140,3,50,1,200,0.6035,0.2899,0.6035,0.0893,0.0980,0.1538,0.7817
145,3,50,1,200,0.6057,0.3154,0.6057,0.1964,0.1569,0.1538,0.7581
150,3,50,1,200,0.6122,0.3317,0.6122,0.2321,0.1569,0.1538,0.7611
155,3,50,1,200,0.6122,0.3015,0.6122,0.1964,0.0784,0.1538,0.7788
160,3,50,1,200,0.6253,0.3122,0.6253,0.1607,0.0588,0.2308,0.8024
165,3,50,1,200,0.6209,0.3217,0.6209,0.1786,0.1176,0.2308,0.7847
170,3,50,1,200,0.6166,0.3076,0.6166,0.1607,0.0784,0.2308,0.7876
175,3,50,1,200,0.6144,0.3237,0.6144,0.1786,0.0980,0.2308,0.7788
180,3,50,1,200,0.6187,0.2993,0.6187,0.1250,0.0980,0.1538,0.7965
185,3,50,1,200,0.6209,0.3272,0.6209,0.1607,0.1176,0.3077,0.7847
190,3,50,1,200,0.6296,0.3245,0.6296,0.1071,0.2157,0.1538,0.7965
195,3,50,1,200,0.6231,0.3206,0.6231,0.1250,0.1961,0.1538,0.7876
200,3,50,1,200,0.6122,0.3038,0.6122,0.1250,0.1569,0.1538,0.7788
5,3,100,1,50,0.6645,0.2492,0.6645,0.1607,0.0000,0.0000,0.9397
10,3,100,1,50,0.6536,0.2966,0.6536,0.1429,0.1594,0.0000,0.8921
15,3,100,1,50,0.6187,0.2380,0.6187,0.0357,0.1014,0.0000,0.8730
20,3,100,1,50,0.6166,0.2879,0.6166,0.0893,0.2754,0.0000,0.8222
25,3,100,1,50,0.6427,0.2859,0.6427,0.1071,0.1739,0.0000,0.8794
30,3,100,1,50,0.5817,0.3225,0.5817,0.1786,0.3188,0.0526,0.7429
35,3,100,1,50,0.6427,0.3284,0.6427,0.1786,0.1739,0.0526,0.8635
40,3,100,1,50,0.6253,0.3473,0.6253,0.2143,0.2754,0.0526,0.8095
45,3,100,1,50,0.6296,0.3339,0.6296,0.1429,0.2899,0.0526,0.8254
50,3,100,1,50,0.6318,0.3085,0.6318,0.1786,0.1304,0.0526,0.8571
55,3,100,1,50,0.6187,0.3212,0.6187,0.1429,0.1884,0.1053,0.8286
60,3,100,1,50,0.6558,0.3177,0.6558,0.1607,0.2174,0.0000,0.8794
65,3,100,1,50,0.6253,0.2721,0.6253,0.1429,0.0435,0.0526,0.8730
70,3,100,1,50,0.6253,0.2870,0.6253,0.0893,0.1449,0.0526,0.8603
75,3,100,1,50,0.6100,0.2935,0.6100,0.1429,0.2174,0.0000,0.8159
80,3,100,1,50,0.6231,0.2686,0.6231,0.0714,0.1594,0.0000,0.8603
85,3,100,1,50,0.6078,0.2941,0.6078,0.1607,0.2174,0.0000,0.8095
90,3,100,1,50,0.6231,0.2905,0.6231,0.0536,0.1449,0.1053,0.8603
95,3,100,1,50,0.6296,0.3485,0.6296,0.2500,0.1739,0.1053,0.8286
100,3,100,1,50,0.6580,0.2739,0.6580,0.0536,0.1594,0.0000,0.9143
105,3,100,1,50,0.6514,0.3455,0.6514,0.1429,0.1884,0.1053,0.8762
110,3,100,1,50,0.6340,0.3003,0.6340,0.1429,0.1159,0.0526,0.8698
115,3,100,1,50,0.5556,0.2872,0.5556,0.2679,0.1884,0.0000,0.7206
120,3,100,1,50,0.6166,0.2725,0.6166,0.1250,0.1304,0.0000,0.8476
125,3,100,1,50,0.5839,0.2977,0.5839,0.1250,0.2319,0.0526,0.7746
130,3,100,1,50,0.5817,0.3138,0.5817,0.1786,0.1594,0.1053,0.7746
135,3,100,1,50,0.6057,0.2873,0.6057,0.1964,0.1449,0.0000,0.8159
140,3,100,1,50,0.6100,0.3145,0.6100,0.1250,0.1739,0.1053,0.8222
145,3,100,1,50,0.6296,0.3040,0.6296,0.1250,0.1594,0.0526,0.8571
150,3,100,1,50,0.5752,0.2959,0.5752,0.3036,0.1739,0.0000,0.7460
155,3,100,1,50,0.6100,0.2976,0.6100,0.1786,0.1304,0.0526,0.8254
160,3,100,1,50,0.5861,0.2985,0.5861,0.2143,0.2174,0.0000,0.7683
165,3,100,1,50,0.6100,0.2706,0.6100,0.1071,0.1594,0.0000,0.8349
170,3,100,1,50,0.5839,0.2867,0.5839,0.1964,0.1884,0.0000,0.7746
175,3,100,1,50,0.5948,0.3045,0.5948,0.2143,0.1449,0.0526,0.7937
180,3,100,1,50,0.6253,0.2900,0.6253,0.1429,0.1739,0.0000,0.8476
185,3,100,1,50,0.5839,0.2839,0.5839,0.1429,0.1449,0.0526,0.7905
190,3,100,1,50,0.6405,0.3465,0.6405,0.1071,0.2029,0.1579,0.8603
195,3,100,1,50,0.5948,0.2961,0.5948,0.1250,0.2029,0.0526,0.7968
200,3,100,1,50,0.6209,0.2864,0.6209,0.1071,0.1304,0.0526,0.8540
5,3,100,1,100,0.6885,0.2126,0.6885,0.0200,0.0000,0.0000,0.9265
10,3,100,1,100,0.6492,0.2630,0.6492,0.0400,0.2264,0.0000,0.8353
15,3,100,1,100,0.6187,0.2586,0.6187,0.0600,0.2264,0.0000,0.7912
20,3,100,1,100,0.5948,0.2585,0.5948,0.0800,0.2264,0.0000,0.7559
25,3,100,1,100,0.6710,0.3065,0.6710,0.1400,0.1321,0.0625,0.8618
30,3,100,1,100,0.6383,0.2781,0.6383,0.1200,0.1887,0.0000,0.8147
35,3,100,1,100,0.6318,0.2640,0.6318,0.1000,0.1509,0.0000,0.8147
40,3,100,1,100,0.6623,0.2774,0.6623,0.1200,0.1321,0.0000,0.8559
45,3,100,1,100,0.6449,0.2554,0.6449,0.0800,0.1132,0.0000,0.8412
50,3,100,1,100,0.6340,0.2615,0.6340,0.1000,0.1321,0.0000,0.8206
55,3,100,1,100,0.6253,0.2528,0.6253,0.0800,0.1321,0.0000,0.8118
60,3,100,1,100,0.5882,0.2554,0.5882,0.1000,0.1887,0.0000,0.7500
65,3,100,1,100,0.6209,0.2909,0.6209,0.1600,0.2453,0.0000,0.7765
70,3,100,1,100,0.6449,0.2700,0.6449,0.0800,0.1887,0.0000,0.8294
75,3,100,1,100,0.6383,0.2730,0.6383,0.1600,0.1132,0.0000,0.8206
80,3,100,1,100,0.6383,0.2629,0.6383,0.1200,0.1132,0.0000,0.8265
85,3,100,1,100,0.6558,0.2810,0.6558,0.1000,0.1887,0.0000,0.8412
90,3,100,1,100,0.6187,0.2599,0.6187,0.1000,0.1509,0.0000,0.7971
95,3,100,1,100,0.6514,0.2729,0.6514,0.0800,0.1887,0.0000,0.8382
100,3,100,1,100,0.6601,0.2556,0.6601,0.1200,0.0566,0.0000,0.8647
105,3,100,1,100,0.6645,0.2461,0.6645,0.0600,0.0755,0.0000,0.8765
110,3,100,1,100,0.6362,0.2840,0.6362,0.1000,0.1509,0.0625,0.8176
115,3,100,1,100,0.6601,0.2922,0.6601,0.1000,0.2264,0.0000,0.8412
120,3,100,1,100,0.6187,0.2586,0.6187,0.1000,0.1321,0.0000,0.8000
125,3,100,1,100,0.6427,0.2784,0.6427,0.1200,0.1698,0.0000,0.8235
130,3,100,1,100,0.6536,0.2953,0.6536,0.1400,0.2075,0.0000,0.8294
135,3,100,1,100,0.6449,0.2779,0.6449,0.1200,0.1698,0.0000,0.8265
140,3,100,1,100,0.6558,0.2867,0.6558,0.1000,0.2264,0.0000,0.8353
145,3,100,1,100,0.6427,0.2857,0.6427,0.1600,0.1698,0.0000,0.8176
150,3,100,1,100,0.6427,0.2793,0.6427,0.1400,0.1698,0.0000,0.8206
155,3,100,1,100,0.6732,0.3011,0.6732,0.1400,0.2075,0.0000,0.8559
160,3,100,1,100,0.6688,0.3193,0.6688,0.1800,0.1509,0.0625,0.8500
165,3,100,1,100,0.6078,0.2815,0.6078,0.1000,0.1698,0.0625,0.7765
170,3,100,1,100,0.6209,0.2732,0.6209,0.1400,0.1698,0.0000,0.7912
175,3,100,1,100,0.6580,0.2749,0.6580,0.1000,0.1509,0.0000,0.8500
180,3,100,1,100,0.6623,0.2844,0.6623,0.1400,0.1509,0.0000,0.8500
185,3,100,1,100,0.6209,0.2796,0.6209,0.1600,0.0943,0.0625,0.7971
190,3,100,1,100,0.6449,0.2766,0.6449,0.0800,0.2075,0.0000,0.8265
195,3,100,1,100,0.6580,0.3069,0.6580,0.1600,0.2453,0.0000,0.8265
200,3,100,1,100,0.6514,0.2895,0.6514,0.1400,0.1887,0.0000,0.8294
5,3,100,1,200,0.6950,0.2128,0.6950,0.0000,0.0161,0.0000,1.0000
10,3,100,1,200,0.6492,0.2603,0.6492,0.0656,0.1129,0.0000,0.9025
15,3,100,1,200,0.6536,0.2387,0.6536,0.0164,0.0806,0.0000,0.9245
20,3,100,1,200,0.5708,0.3565,0.5708,0.2787,0.1452,0.3889,0.7201
25,3,100,1,200,0.5425,0.3101,0.5425,0.1803,0.1774,0.1667,0.7044
30,3,100,1,200,0.6035,0.3386,0.6035,0.2131,0.0806,0.3333,0.7956
35,3,100,1,200,0.6078,0.3408,0.6078,0.1148,0.1613,0.2222,0.8113
40,3,100,1,200,0.5969,0.3347,0.5969,0.1639,0.2742,0.1111,0.7704
45,3,100,1,200,0.6057,0.2952,0.6057,0.1148,0.1935,0.0556,0.8113
50,3,100,1,200,0.6318,0.3291,0.6318,0.0820,0.1774,0.1667,0.8522
55,3,100,1,200,0.6492,0.3326,0.6492,0.1148,0.1613,0.1111,0.8774
60,3,100,1,200,0.5752,0.3090,0.5752,0.0984,0.2097,0.1667,0.7610
65,3,100,1,200,0.6362,0.3563,0.6362,0.0656,0.2419,0.2222,0.8459
70,3,100,1,200,0.6645,0.3594,0.6645,0.1475,0.2258,0.1111,0.8805
75,3,100,1,200,0.6558,0.3805,0.6558,0.1311,0.1613,0.2778,0.8742
80,3,100,1,200,0.6187,0.3036,0.6187,0.1148,0.1290,0.1111,0.8396
85,3,100,1,200,0.6187,0.2885,0.6187,0.0328,0.1452,0.1111,0.8522
90,3,100,1,200,0.6449,0.3359,0.6449,0.0984,0.2097,0.1111,0.8648
95,3,100,1,200,0.6296,0.3190,0.6296,0.1148,0.1613,0.1111,0.8491
100,3,100,1,200,0.6427,0.3117,0.6427,0.0820,0.1452,0.1111,0.8774
105,3,100,1,200,0.6340,0.3410,0.6340,0.0492,0.2419,0.1667,0.8491
110,3,100,1,200,0.6144,0.3379,0.6144,0.0984,0.2742,0.1111,0.8082
115,3,100,1,200,0.6558,0.3319,0.6558,0.0984,0.1774,0.1111,0.8868
120,3,100,1,200,0.6471,0.3674,0.6471,0.1311,0.2742,0.1667,0.8459
125,3,100,1,200,0.6536,0.3863,0.6536,0.1311,0.2903,0.2222,0.8491
130,3,100,1,200,0.6449,0.3477,0.6449,0.0820,0.1774,0.2222,0.8679
135,3,100,1,200,0.6405,0.3255,0.6405,0.0656,0.1774,0.1667,0.8679
140,3,100,1,200,0.6253,0.3130,0.6253,0.0984,0.2419,0.0556,0.8333
145,3,100,1,200,0.6144,0.3099,0.6144,0.1148,0.1774,0.1111,0.8239
150,3,100,1,200,0.6166,0.3021,0.6166,0.0656,0.2581,0.0556,0.8239
155,3,100,1,200,0.6187,0.3246,0.6187,0.1148,0.2097,0.1111,0.8239
160,3,100,1,200,0.6275,0.3198,0.6275,0.1803,0.1774,0.0556,0.8333
165,3,100,1,200,0.6514,0.3666,0.6514,0.1803,0.2419,0.1111,0.8522
170,3,100,1,200,0.6231,0.3510,0.6231,0.1311,0.2419,0.1667,0.8176
175,3,100,1,200,0.6275,0.3570,0.6275,0.1639,0.1613,0.2222,0.8302
180,3,100,1,200,0.6296,0.2927,0.6296,0.1311,0.1129,0.0556,0.8585
185,3,100,1,200,0.6253,0.3063,0.6253,0.1803,0.1290,0.0556,0.8396
190,3,100,1,200,0.6166,0.2948,0.6166,0.1311,0.1452,0.0556,0.8333
195,3,100,1,200,0.6318,0.3047,0.6318,0.1311,0.1613,0.0556,0.8522
200,3,100,1,200,0.6471,0.3064,0.6471,0.0656,0.2097,0.0556,0.8774
5,3,200,1,50,0.7233,0.2099,0.7233,0.0000,0.0000,0.0000,1.0000
10,3,200,1,50,0.7255,0.2276,0.7255,0.0000,0.0370,0.0000,0.9970
15,3,200,1,50,0.7124,0.2759,0.7124,0.1607,0.0370,0.0000,0.9518
20,3,200,1,50,0.6340,0.2958,0.6340,0.2321,0.1667,0.0000,0.8102
25,3,200,1,50,0.6580,0.3006,0.6580,0.2679,0.1111,0.0000,0.8464
30,3,200,1,50,0.6536,0.3166,0.6536,0.1250,0.1111,0.1176,0.8584
35,3,200,1,50,0.6492,0.3918,0.6492,0.1964,0.2593,0.2941,0.8072
40,3,200,1,50,0.6362,0.2998,0.6362,0.1786,0.1111,0.0588,0.8283
45,3,200,1,50,0.6623,0.3600,0.6623,0.2321,0.1667,0.1176,0.8434
50,3,200,1,50,0.6841,0.3806,0.6841,0.1429,0.2222,0.2353,0.8735
55,3,200,1,50,0.6471,0.3836,0.6471,0.2321,0.2593,0.1765,0.8042
60,3,200,1,50,0.6776,0.3471,0.6776,0.1607,0.2593,0.0588,0.8645
65,3,200,1,50,0.6405,0.3168,0.6405,0.1786,0.1852,0.0588,0.8223
70,3,200,1,50,0.6492,0.3233,0.6492,0.1964,0.2963,0.0000,0.8163
75,3,200,1,50,0.6253,0.3985,0.6253,0.3036,0.2407,0.2353,0.7620
80,3,200,1,50,0.6078,0.2832,0.6078,0.1429,0.2407,0.0000,0.7771
85,3,200,1,50,0.6318,0.3515,0.6318,0.1786,0.2963,0.1176,0.7892
90,3,200,1,50,0.6405,0.3200,0.6405,0.1964,0.1852,0.0588,0.8193
95,3,200,1,50,0.6296,0.3219,0.6296,0.1607,0.2593,0.0588,0.7982
100,3,200,1,50,0.6405,0.3490,0.6405,0.1607,0.3148,0.1176,0.8012
105,3,200,1,50,0.6383,0.3458,0.6383,0.1964,0.2407,0.1176,0.8042
110,3,200,1,50,0.6558,0.3429,0.6558,0.3214,0.0926,0.1176,0.8313
115,3,200,1,50,0.6231,0.3486,0.6231,0.3214,0.2593,0.0588,0.7620
120,3,200,1,50,0.6253,0.3519,0.6253,0.2143,0.2778,0.1176,0.7771
125,3,200,1,50,0.6427,0.3705,0.6427,0.1964,0.2037,0.2353,0.8102
130,3,200,1,50,0.6318,0.3270,0.6318,0.1964,0.2407,0.0588,0.7982
135,3,200,1,50,0.6514,0.3198,0.6514,0.2143,0.1481,0.0588,0.8373
140,3,200,1,50,0.6253,0.3642,0.6253,0.3214,0.2222,0.1176,0.7681
145,3,200,1,50,0.6427,0.3296,0.6427,0.1964,0.2222,0.0588,0.8163
150,3,200,1,50,0.6558,0.3545,0.6558,0.2679,0.1667,0.1176,0.8283
155,3,200,1,50,0.6558,0.3832,0.6558,0.3036,0.1852,0.1765,0.8163
160,3,200,1,50,0.6427,0.3332,0.6427,0.3036,0.1481,0.0588,0.8102
165,3,200,1,50,0.6558,0.3097,0.6558,0.1964,0.1852,0.0000,0.8434
170,3,200,1,50,0.6318,0.3251,0.6318,0.1786,0.2593,0.0588,0.7982
175,3,200,1,50,0.6383,0.3183,0.6383,0.1607,0.2222,0.0588,0.8163
180,3,200,1,50,0.6383,0.3699,0.6383,0.2500,0.2593,0.1765,0.7892
185,3,200,1,50,0.6580,0.3827,0.6580,0.2679,0.2222,0.1765,0.8193
190,3,200,1,50,0.6732,0.3516,0.6732,0.3036,0.1667,0.0588,0.8494
195,3,200,1,50,0.6492,0.3434,0.6492,0.1607,0.2222,0.1176,0.8283
200,3,200,1,50,0.6514,0.3379,0.6514,0.1964,0.2407,0.0588,0.8253
5,3,200,1,100,0.7233,0.2099,0.7233,0.0000,0.0000,0.0000,1.0000
10,3,200,1,100,0.7015,0.2510,0.7015,0.0000,0.1404,0.0000,0.9458
15,3,200,1,100,0.6797,0.2554,0.6797,0.0943,0.0526,0.0000,0.9157
20,3,200,1,100,0.6209,0.2830,0.6209,0.1132,0.1404,0.0588,0.8133
25,3,200,1,100,0.6580,0.3085,0.6580,0.2264,0.0877,0.0588,0.8554
30,3,200,1,100,0.5926,0.2855,0.5926,0.1132,0.3333,0.0000,0.7440
35,3,200,1,100,0.6449,0.2740,0.6449,0.0755,0.1930,0.0000,0.8464
40,3,200,1,100,0.5773,0.2859,0.5773,0.1698,0.1754,0.0588,0.7380
45,3,200,1,100,0.6405,0.2886,0.6405,0.1509,0.1579,0.0000,0.8343
50,3,200,1,100,0.6296,0.2858,0.6296,0.2453,0.0877,0.0000,0.8163
55,3,200,1,100,0.6580,0.2712,0.6580,0.1132,0.1053,0.0000,0.8735
60,3,200,1,100,0.6296,0.2534,0.6296,0.1132,0.0702,0.0000,0.8404
65,3,200,1,100,0.6231,0.2805,0.6231,0.1132,0.1228,0.0588,0.8193
70,3,200,1,100,0.6296,0.2920,0.6296,0.1698,0.1754,0.0000,0.8133
75,3,200,1,100,0.6383,0.3043,0.6383,0.2264,0.1579,0.0000,0.8193
80,3,200,1,100,0.6471,0.2894,0.6471,0.1887,0.1228,0.0000,0.8434
85,3,200,1,100,0.6253,0.2869,0.6253,0.1321,0.2105,0.0000,0.8072
90,3,200,1,100,0.6514,0.2896,0.6514,0.1698,0.1404,0.0000,0.8494
95,3,200,1,100,0.6471,0.2847,0.6471,0.1698,0.1228,0.0000,0.8464
100,3,200,1,100,0.6558,0.2864,0.6558,0.1132,0.1754,0.0000,0.8584
105,3,200,1,100,0.6906,0.2783,0.6906,0.1321,0.0702,0.0000,0.9217
110,3,200,1,100,0.6623,0.2993,0.6623,0.1509,0.1754,0.0000,0.8614
115,3,200,1,100,0.6209,0.2961,0.6209,0.1887,0.2105,0.0000,0.7922
120,3,200,1,100,0.6405,0.2860,0.6405,0.1132,0.2105,0.0000,0.8313
125,3,200,1,100,0.6449,0.2832,0.6449,0.1132,0.1053,0.0588,0.8524
130,3,200,1,100,0.6449,0.2698,0.6449,0.1132,0.1228,0.0000,0.8524
135,3,200,1,100,0.6209,0.2522,0.6209,0.0755,0.1228,0.0000,0.8253
140,3,200,1,100,0.6122,0.2630,0.6122,0.1887,0.0526,0.0000,0.8072
145,3,200,1,100,0.6035,0.2961,0.6035,0.1698,0.1754,0.0588,0.7741
150,3,200,1,100,0.6645,0.2994,0.6645,0.1698,0.1579,0.0000,0.8645
155,3,200,1,100,0.6449,0.2810,0.6449,0.1321,0.1404,0.0000,0.8464
160,3,200,1,100,0.6536,0.2576,0.6536,0.0755,0.1053,0.0000,0.8735
165,3,200,1,100,0.5926,0.2929,0.5926,0.1887,0.1579,0.0588,0.7590
170,3,200,1,100,0.6340,0.2922,0.6340,0.1698,0.1754,0.0000,0.8193
175,3,200,1,100,0.6383,0.3159,0.6383,0.2075,0.1579,0.0588,0.8193
180,3,200,1,100,0.6296,0.2454,0.6296,0.0566,0.1053,0.0000,0.8434
185,3,200,1,100,0.6362,0.2710,0.6362,0.1321,0.1053,0.0000,0.8404
190,3,200,1,100,0.6362,0.2640,0.6362,0.0943,0.1228,0.0000,0.8434
195,3,200,1,100,0.6340,0.2421,0.6340,0.0755,0.0702,0.0000,0.8524
200,3,200,1,100,0.6318,0.2558,0.6318,0.1321,0.0526,0.0000,0.8434
5,3,200,1,200,0.7168,0.2088,0.7168,0.0000,0.0000,0.0000,1.0000
10,3,200,1,200,0.6057,0.2485,0.6057,0.0333,0.2222,0.0000,0.8024
15,3,200,1,200,0.5686,0.3104,0.5686,0.2333,0.4259,0.0000,0.6809
20,3,200,1,200,0.6275,0.2685,0.6275,0.1000,0.1667,0.0000,0.8298
25,3,200,1,200,0.6601,0.3620,0.6601,0.2500,0.1296,0.1875,0.8450
30,3,200,1,200,0.6536,0.3078,0.6536,0.2000,0.0926,0.0625,0.8571
35,3,200,1,200,0.6558,0.2704,0.6558,0.1333,0.0926,0.0000,0.8754
40,3,200,1,200,0.6296,0.3217,0.6296,0.2000,0.1852,0.0625,0.8085
45,3,200,1,200,0.6253,0.2778,0.6253,0.1667,0.1296,0.0000,0.8207
50,3,200,1,200,0.6187,0.2810,0.6187,0.1333,0.2037,0.0000,0.8055
55,3,200,1,200,0.6013,0.2866,0.6013,0.2167,0.1667,0.0000,0.7720
60,3,200,1,200,0.6318,0.2879,0.6318,0.1000,0.1296,0.0625,0.8389
65,3,200,1,200,0.6362,0.3178,0.6362,0.1000,0.2037,0.1250,0.8298
70,3,200,1,200,0.6318,0.3210,0.6318,0.2000,0.1667,0.0625,0.8146
75,3,200,1,200,0.6166,0.3050,0.6166,0.1500,0.1296,0.1250,0.8055
80,3,200,1,200,0.6078,0.2709,0.6078,0.1667,0.0556,0.0625,0.8055
85,3,200,1,200,0.6318,0.3035,0.6318,0.1333,0.0741,0.1250,0.8389
90,3,200,1,200,0.6405,0.3124,0.6405,0.1667,0.0556,0.1250,0.8480
95,3,200,1,200,0.6383,0.2975,0.6383,0.2000,0.0556,0.0625,0.8419
100,3,200,1,200,0.6057,0.3470,0.6057,0.3000,0.1111,0.1875,0.7629
105,3,200,1,200,0.6318,0.3084,0.6318,0.2000,0.1296,0.0625,0.8207
110,3,200,1,200,0.6950,0.3680,0.6950,0.2000,0.0000,0.3125,0.9179
115,3,200,1,200,0.6710,0.3604,0.6710,0.2167,0.0556,0.1875,0.8784
120,3,200,1,200,0.6601,0.3538,0.6601,0.1833,0.1111,0.1875,0.8602
125,3,200,1,200,0.6209,0.2961,0.6209,0.2167,0.0926,0.0625,0.8085
130,3,200,1,200,0.6144,0.3255,0.6144,0.2167,0.2222,0.0625,0.7781
135,3,200,1,200,0.6122,0.2457,0.6122,0.1167,0.0556,0.0000,0.8237
140,3,200,1,200,0.6471,0.2973,0.6471,0.1333,0.1111,0.0625,0.8571
145,3,200,1,200,0.6471,0.3617,0.6471,0.1833,0.1667,0.2500,0.8298
150,3,200,1,200,0.5926,0.2850,0.5926,0.1333,0.1667,0.0625,0.7720
155,3,200,1,200,0.6318,0.3155,0.6318,0.0500,0.1667,0.1875,0.8359
160,3,200,1,200,0.6231,0.2678,0.6231,0.1667,0.0926,0.0000,0.8237
165,3,200,1,200,0.6166,0.3282,0.6166,0.1833,0.2037,0.1250,0.7872
170,3,200,1,200,0.6035,0.3459,0.6035,0.1667,0.1852,0.1875,0.7720
175,3,200,1,200,0.6100,0.3110,0.6100,0.2667,0.2222,0.0000,0.7660
180,3,200,1,200,0.6231,0.3231,0.6231,0.1500,0.2778,0.0625,0.7933
185,3,200,1,200,0.6296,0.2792,0.6296,0.2167,0.0926,0.0000,0.8237
190,3,200,1,200,0.6144,0.2952,0.6144,0.1000,0.2037,0.0625,0.8024
195,3,200,1,200,0.5752,0.3193,0.5752,0.1333,0.3148,0.1250,0.7204
200,3,200,1,200,0.6144,0.3056,0.6144,0.1667,0.1852,0.0625,0.7933